"par_name","country_code","country","1985","1986","1987","1988","1989","1990","1991","1992","1993","1994","1995","1996","1997","1998","1999","2000","2001","2002","2003","2004","2005","2006","2007","2008","2009","2010","2011","2012","2013","2014","2015","2016","2017","2018","2019","2020","2021","2022","2023","2024","2025","2026","2027","2028","2029","2030","inc"
"hepb_bd","AFG","Afghanistan",0,0,0,0,0,0,0,0,0,0,0,0,0,0,0,0,0,0,0,0,0,0,0,0,0,0,0,0,0,0.04,0.08,0.11,0.21,0.29,0.36,0.38,0.39,0.44,0.4975,0.555,0.6125,0.67,0.7275,0.785,0.8425,0.9,0.0575
"hepb_bd","AGO","Angola",0,0,0,0,0,0,0,0,0,0,0,0,0,0,0,0,0,0,0,0,0,0,0,0,0,0,0,0,0,0,0,0,0,0,0,0,0,0,0.1125,0.225,0.3375,0.45,0.5625,0.675,0.7875,0.9,0.1125
"hepb_bd","ALB","Albania",0,0,0,0,0,0,0,0,0,0,0,0,0,0,0,0.98,0.98,0.99,0.98,0.99,0.99,0.99,0.98,0.98,0.98,0.99,0.97,0.97,0.99,0.99,0.99,0.99,0.99,0.99,0.99,0.99,0.99,0.99,0.99125,0.9925,0.99375,0.995,0.99625,0.9975,0.99875,1,0.00125
"hepb_bd","ARE","United Arab Emirates",0,0,0,0,0,0,0,0,0,0,0,0,0,0,0,0.98,0.98,0.98,0.98,0.98,0.98,0.98,0.98,0.98,0.98,0.98,0.97,0.96,0.96,0.91,0.96,0.99,0.97,0.94,0.91,0.83,0.96,0.96,0.965,0.97,0.975,0.98,0.985,0.99,0.995,1,0.005
"hepb_bd","ARG","Argentina",0,0,0,0,0,0,0,0,0,0,0,0,0,0,0,0,0,0,0,0.65,0.71,0.72,0.76,0.79,0.81,0.79,0.85,0.88,0.85,0.87,0.84,0.81,0.8,0.82,0.77,0.72,0.77,0.77,0.78625,0.8025,0.81875,0.835,0.85125,0.8675,0.88375,0.9,0.01625
"hepb_bd","ARM","Armenia",0,0,0,0,0,0,0,0,0,0,0,0,0,0,0,0.97,0.96,0.95,0.95,0.94,0.93,0.92,0.92,0.91,0.92,0.94,0.95,0.95,0.98,0.98,0.98,0.98,0.97,0.97,0.96,0.97,0.94,0.96,0.965,0.97,0.975,0.98,0.985,0.99,0.995,1,0.005
"hepb_bd","AUS","Australia",0,0,0,0,0,0,0,0,0,0,0,0,0,0,0,0,0,0,0,0,0,0,0,0,0,0,0,0,0,0,0,0,0,0,0,0,0,0,0.1125,0.225,0.3375,0.45,0.5625,0.675,0.7875,0.9,0.1125
"hepb_bd","AUT","Austria",0,0,0,0,0,0,0,0,0,0,0,0,0,0,0,0,0,0,0,0,0,0,0,0,0,0,0,0,0,0,0,0,0,0,0,0,0,0,0.1125,0.225,0.3375,0.45,0.5625,0.675,0.7875,0.9,0.1125
"hepb_bd","AZE","Azerbaijan",0,0,0,0,0,0,0,0,0,0,0,0,0,0,0,0,0,0.82,0.83,0.82,0.82,0.86,0.88,0.92,0.95,0.98,0.99,0.98,0.99,0.99,0.99,0.99,0.99,0.99,0.98,0.98,0.98,0.98,0.9825,0.985,0.9875,0.99,0.9925,0.995,0.9975,1,0.0025
"hepb_bd","BDI","Burundi",0,0,0,0,0,0,0,0,0,0,0,0,0,0,0,0,0,0,0,0,0,0,0,0,0,0,0,0,0,0,0,0,0,0,0,0,0,0,0.1125,0.225,0.3375,0.45,0.5625,0.675,0.7875,0.9,0.1125
"hepb_bd","BEL","Belgium",0,0,0,0,0,0,0,0,0,0,0,0,0,0,0,0,0,0,0,0,0,0,0,0,0,0,0,0,0,0,0,0,0,0,0,0,0,0,0.1125,0.225,0.3375,0.45,0.5625,0.675,0.7875,0.9,0.1125
"hepb_bd","BEN","Benin",0,0,0,0,0,0,0,0,0,0,0,0,0,0,0,0,0,0,0,0,0,0,0,0,0,0,0,0,0,0,0,0,0,0,0,0.21,0.71,0.75,0.76875,0.7875,0.80625,0.825,0.84375,0.8625,0.88125,0.9,0.01875
"hepb_bd","BFA","Burkina Faso",0,0,0,0,0,0,0,0,0,0,0,0,0,0,0,0,0,0,0,0,0,0,0,0,0,0,0,0,0,0,0,0,0,0,0,0,0,0.53,0.57625,0.6225,0.66875,0.715,0.76125,0.8075,0.85375,0.9,0.04625
"hepb_bd","BGD","Bangladesh",0,0,0,0,0,0,0,0,0,0,0,0,0,0,0,0,0,0,0,0,0,0,0,0,0,0,0,0,0,0,0,0,0,0,0,0,0,0,0.1125,0.225,0.3375,0.45,0.5625,0.675,0.7875,0.9,0.1125
"hepb_bd","BGR","Bulgaria",0,0,0,0,0,0,0,0,0,0,0,0,0,0,0,0.98,0.99,0.96,0.98,0.98,0.99,0.99,0.98,0.98,0.98,0.98,0.99,0.98,0.98,0.98,0.97,0.96,0.97,0.96,0.98,0.98,0.97,0.97,0.97375,0.9775,0.98125,0.985,0.98875,0.9925,0.99625,1,0.00375
"hepb_bd","BHR","Bahrain",0,0,0,0,0,0,0,0,0,0,0,0,0,0,0,0,0,0,0,0,0,0,0,0,0,0,0,0,0,0,0.67,0.99,0.99,0.98,0.98,0.99,0.99,0.99,0.99125,0.9925,0.99375,0.995,0.99625,0.9975,0.99875,1,0.00125
"hepb_bd","BIH","Bosnia and Herzegovina",0,0,0,0,0,0,0,0,0,0,0,0,0,0,0,0,0,0,0,0,0,0,0,0,0,0,0,0,0,0,0,0,0,0,0,0,0,0,0.1125,0.225,0.3375,0.45,0.5625,0.675,0.7875,0.9,0.1125
"hepb_bd","BLR","Belarus",0,0,0,0,0,0,0,0,0,0,0,0,0,0,0,0,0,0,0,0,0.99,0.99,0.98,0.98,0.98,0.98,0.98,0.98,0.99,0.99,0.98,0.98,0.98,0.98,0.98,0.97,0.98,0.98,0.9825,0.985,0.9875,0.99,0.9925,0.995,0.9975,1,0.0025
"hepb_bd","BLZ","Belize",0,0,0,0,0,0,0,0,0,0,0,0,0,0,0,0,0,0,0,0,0,0,0,0,0,0,0,0,0,0,0,0,0,0.55,0.7,0.67,0.77,0.86,0.865,0.87,0.875,0.88,0.885,0.89,0.895,0.9,0.005
"hepb_bd","BOL","Bolivia (Plurinational State of)",0,0,0,0,0,0,0,0,0,0,0,0,0,0,0,0,0,0,0,0,0,0,0,0,0,0,0,0,0,0,0,0,0,0,0,0,0,0,0.1125,0.225,0.3375,0.45,0.5625,0.675,0.7875,0.9,0.1125
"hepb_bd","BRA","Brazil",0,0,0,0,0,0,0,0,0,0,0,0,0,0,0,0.99,0.95,0.93,0.91,0.92,0.94,0.95,0.94,0.93,0.92,0.92,0.91,0.9,0.89,0.88,0.91,0.82,0.8,0.87,0.77,0.63,0.62,0.82,0.83,0.84,0.85,0.86,0.87,0.88,0.89,0.9,0.01
"hepb_bd","BTN","Bhutan",0,0,0,0,0,0,0,0,0,0,0,0,0,0,0,0,0,0,0,0,0,0,0,0,0,0,0.29,0.6,0.64,0.78,0.78,0.82,0.95,0.96,0.86,0.85,0.84,0.94,0.9475,0.955,0.9625,0.97,0.9775,0.985,0.9925,1,0.00750000000000001
"hepb_bd","CAF","Central African Republic",0,0,0,0,0,0,0,0,0,0,0,0,0,0,0,0,0,0,0,0,0,0,0,0,0,0,0,0,0,0,0,0,0,0,0,0,0,0,0.1125,0.225,0.3375,0.45,0.5625,0.675,0.7875,0.9,0.1125
"hepb_bd","CAN","Canada",0,0,0,0,0,0,0,0,0,0,0,0,0,0,0,0,0,0,0,0,0,0,0,0,0,0,0,0,0,0,0,0,0,0,0,0,0,0,0.1125,0.225,0.3375,0.45,0.5625,0.675,0.7875,0.9,0.1125
"hepb_bd","CHE","Switzerland",0,0,0,0,0,0,0,0,0,0,0,0,0,0,0,0,0,0,0,0,0,0,0,0,0,0,0,0,0,0,0,0,0,0,0,0,0,0,0.1125,0.225,0.3375,0.45,0.5625,0.675,0.7875,0.9,0.1125
"hepb_bd","CHL","Chile",0,0,0,0,0,0,0,0,0,0,0,0,0,0,0,0,0,0,0,0,0,0,0,0,0,0,0,0,0,0,0,0,0,0,0.65,0.99,0.98,0.99,0.99125,0.9925,0.99375,0.995,0.99625,0.9975,0.99875,1,0.00125
"hepb_bd","CHN","China",0,0,0,0,0,0,0,0,0,0,0,0,0,0,0,0,0,0,0,0.76,0.86,0.88,0.86,0.91,0.93,0.92,0.95,0.96,0.99,0.94,0.96,0.96,0.96,0.96,0.96,0.95,0.95,0.95,0.95625,0.9625,0.96875,0.975,0.98125,0.9875,0.99375,1,0.00625000000000001
"hepb_bd","CIV","C<f4>te d'Ivoire",0,0,0,0,0,0,0,0,0,0,0,0,0,0,0,0,0,0,0,0,0,0,0,0,0,0,0,0,0,0,0,0,0,0,0.09,0.62,0.66,0.67,0.69875,0.7275,0.75625,0.785,0.81375,0.8425,0.87125,0.9,0.02875
"hepb_bd","CMR","Cameroon",0,0,0,0,0,0,0,0,0,0,0,0,0,0,0,0,0,0,0,0,0,0,0,0,0,0,0,0,0,0,0,0,0,0,0,0,0,0,0.1125,0.225,0.3375,0.45,0.5625,0.675,0.7875,0.9,0.1125
"hepb_bd","COD","Democratic Republic of the Congo",0,0,0,0,0,0,0,0,0,0,0,0,0,0,0,0,0,0,0,0,0,0,0,0,0,0,0,0,0,0,0,0,0,0,0,0,0,0,0.1125,0.225,0.3375,0.45,0.5625,0.675,0.7875,0.9,0.1125
"hepb_bd","COG","Congo",0,0,0,0,0,0,0,0,0,0,0,0,0,0,0,0,0,0,0,0,0,0,0,0,0,0,0,0,0,0,0,0,0,0,0,0,0,0,0.1125,0.225,0.3375,0.45,0.5625,0.675,0.7875,0.9,0.1125
"hepb_bd","COL","Colombia",0,0,0,0,0,0,0,0,0,0,0,0,0,0,0,0,0,0,0,0,0,0,0,0,0,0,0,0,0,0,0,0,0.81,0.77,0.81,0.88,0.87,0.85,0.85625,0.8625,0.86875,0.875,0.88125,0.8875,0.89375,0.9,0.00625000000000001
"hepb_bd","COM","Comoros",0,0,0,0,0,0,0,0,0,0,0,0,0,0,0,0,0,0,0,0,0,0,0,0,0,0,0,0,0,0,0,0,0,0,0,0,0,0,0.1125,0.225,0.3375,0.45,0.5625,0.675,0.7875,0.9,0.1125
"hepb_bd","CPV","Cabo Verde",0,0,0,0,0,0,0,0,0,0,0,0,0,0,0,0,0,0.77,0.76,0.75,0.68,0.68,0.84,0.81,0.91,0.99,0.99,0.99,0.94,0.99,0.93,0.96,0.96,0.97,0.96,0.96,0.96,0.96,0.965,0.97,0.975,0.98,0.985,0.99,0.995,1,0.005
"hepb_bd","CRI","Costa Rica",0,0,0,0,0,0,0,0,0,0,0,0,0,0,0,0,0.87,0.87,0.86,0.89,0.89,0.89,0.89,0.89,0.89,0.89,0.9,0.9,0.9,0.89,0.9,0.91,0.87,0.9,0.87,0.89,0.71,0.71,0.73375,0.7575,0.78125,0.805,0.82875,0.8525,0.87625,0.9,0.02375
"hepb_bd","CUB","Cuba",0,0,0,0,0,0,0,0,0,0,0,0,0,0,0,0.99,0.99,0.99,0.99,0.99,0.98,0.99,0.99,0.99,0.99,0.99,0.99,0.99,0.99,0.99,0.99,0.99,0.99,0.99,0.99,0.99,0.99,0.99,0.99125,0.9925,0.99375,0.995,0.99625,0.9975,0.99875,1,0.00125
"hepb_bd","CZE","Czechia",0,0,0,0,0,0,0,0,0,0,0,0,0,0,0,0,0,0,0,0,0,0,0,0,0,0,0,0,0,0,0,0,0,0,0,0,0,0,0.1125,0.225,0.3375,0.45,0.5625,0.675,0.7875,0.9,0.1125
"hepb_bd","DEU","Germany",0,0,0,0,0,0,0,0,0,0,0,0,0,0,0,0,0,0,0,0,0,0,0,0,0,0,0,0,0,0,0,0,0,0,0,0,0,0,0.1125,0.225,0.3375,0.45,0.5625,0.675,0.7875,0.9,0.1125
"hepb_bd","DJI","Djibouti",0,0,0,0,0,0,0,0,0,0,0,0,0,0,0,0,0,0,0,0,0,0,0,0,0,0,0,0.87,0.86,0.94,0.92,0.9,0.92,0.93,0.95,0.77,0.61,0.61,0.64625,0.6825,0.71875,0.755,0.79125,0.8275,0.86375,0.9,0.03625
"hepb_bd","DNK","Denmark",0,0,0,0,0,0,0,0,0,0,0,0,0,0,0,0,0,0,0,0,0,0,0,0,0,0,0,0,0,0,0,0,0,0,0,0,0,0,0.1125,0.225,0.3375,0.45,0.5625,0.675,0.7875,0.9,0.1125
"hepb_bd","DOM","Dominican Republic",0,0,0,0,0,0,0,0,0,0,0,0,0,0,0,0,0.81,0.81,0.81,0.81,0.9,0.9,0.61,0.69,0.73,0.8,0.82,0.74,0.78,0.82,0.79,0.81,0.82,0.82,0.81,0.71,0.66,0.71,0.73375,0.7575,0.78125,0.805,0.82875,0.8525,0.87625,0.9,0.02375
"hepb_bd","DZA","Algeria",0,0,0,0,0,0,0,0,0,0,0,0,0,0,0,0,0,0,0,0.97,0.97,0.97,0.99,0.99,0.99,0.99,0.99,0.99,0.99,0.99,0.99,0.99,0.99,0.99,0.99,0.99,0.99,0.99,0.99125,0.9925,0.99375,0.995,0.99625,0.9975,0.99875,1,0.00125
"hepb_bd","ECU","Ecuador",0,0,0,0,0,0,0,0,0,0,0,0,0,0,0,0,0,0,0,0,0,0,0,0,0,0,0,0.16,0.69,0.79,0.75,0.68,0.61,0.7,0.71,0.62,0.61,0.63,0.66375,0.6975,0.73125,0.765,0.79875,0.8325,0.86625,0.9,0.03375
"hepb_bd","EGY","Egypt",0,0,0,0,0,0,0,0,0,0,0,0,0,0,0,0,0,0,0,0,0,0,0,0,0,0,0,0,0,0,0,0,0.84,0.89,0.91,0.92,0.93,0.93,0.93875,0.9475,0.95625,0.965,0.97375,0.9825,0.99125,1,0.00874999999999999
"hepb_bd","ERI","Eritrea",0,0,0,0,0,0,0,0,0,0,0,0,0,0,0,0,0,0,0,0,0,0,0,0,0,0,0,0,0,0,0,0,0,0,0,0,0,0,0.1125,0.225,0.3375,0.45,0.5625,0.675,0.7875,0.9,0.1125
"hepb_bd","ESP","Spain",0,0,0,0,0,0,0,0,0,0,0,0,0,0,0,0,0,0,0,0,0,0,0,0,0,0,0,0,0,0,0,0,0,0,0,0,0,0,0.1125,0.225,0.3375,0.45,0.5625,0.675,0.7875,0.9,0.1125
"hepb_bd","EST","Estonia",0,0,0,0,0,0,0,0,0,0,0,0,0,0,0,0,0,0,0,0,0,0,0,0,0,0,0,0,0,0,0,0,0,0,0,0,0,0,0.1125,0.225,0.3375,0.45,0.5625,0.675,0.7875,0.9,0.1125
"hepb_bd","ETH","Ethiopia",0,0,0,0,0,0,0,0,0,0,0,0,0,0,0,0,0,0,0,0,0,0,0,0,0,0,0,0,0,0,0,0,0,0,0,0,0,0,0.1125,0.225,0.3375,0.45,0.5625,0.675,0.7875,0.9,0.1125
"hepb_bd","FIN","Finland",0,0,0,0,0,0,0,0,0,0,0,0,0,0,0,0,0,0,0,0,0,0,0,0,0,0,0,0,0,0,0,0,0,0,0,0,0,0,0.1125,0.225,0.3375,0.45,0.5625,0.675,0.7875,0.9,0.1125
"hepb_bd","FJI","Fiji",0,0,0,0,0,0,0,0,0,0,0,0,0,0,0,0,0.99,0.98,0.99,0.89,0.93,0.94,0.95,0.96,0.97,0.98,0.99,0.99,0.99,0.99,0.99,0.99,0.99,0.96,0.97,0.99,0.99,0.98,0.9825,0.985,0.9875,0.99,0.9925,0.995,0.9975,1,0.0025
"hepb_bd","FRA","France",0,0,0,0,0,0,0,0,0,0,0,0,0,0,0,0,0,0,0,0,0,0,0,0,0,0,0,0,0,0,0,0,0,0,0,0,0,0,0.1125,0.225,0.3375,0.45,0.5625,0.675,0.7875,0.9,0.1125
"hepb_bd","FSM","Micronesia (Federated States of)",0,0,0,0,0,0,0,0,0,0,0,0,0,0,0,0.65,0.7,0.74,0.79,0.83,0.93,0.9,0.86,0.87,0.88,0.8,0.81,0.81,0.69,0.72,0.75,0.8,0.75,0.75,0.7,0.64,0.65,0.78,0.795,0.81,0.825,0.84,0.855,0.87,0.885,0.9,0.015
"hepb_bd","GBR","United Kingdom of Great Britain and Northern Ireland",0,0,0,0,0,0,0,0,0,0,0,0,0,0,0,0,0,0,0,0,0,0,0,0,0,0,0,0,0,0,0,0,0,0,0,0,0,0,0.1125,0.225,0.3375,0.45,0.5625,0.675,0.7875,0.9,0.1125
"hepb_bd","GEO","Georgia",0,0,0,0,0,0,0,0,0,0,0,0,0,0,0,0,0.69,0.8,0.9,0.92,0.93,0.97,0.99,0.99,0.73,0.95,0.93,0.92,0.8,0.95,0.93,0.94,0.94,0.97,0.94,0.97,0.95,0.95,0.95625,0.9625,0.96875,0.975,0.98125,0.9875,0.99375,1,0.00625000000000001
"hepb_bd","GHA","Ghana",0,0,0,0,0,0,0,0,0,0,0,0,0,0,0,0,0,0,0,0,0,0,0,0,0,0,0,0,0,0,0,0,0,0,0,0,0,0,0.1125,0.225,0.3375,0.45,0.5625,0.675,0.7875,0.9,0.1125
"hepb_bd","GIN","Guinea",0,0,0,0,0,0,0,0,0,0,0,0,0,0,0,0,0,0,0,0,0,0,0,0,0,0,0,0,0,0,0,0,0,0,0,0,0,0,0.1125,0.225,0.3375,0.45,0.5625,0.675,0.7875,0.9,0.1125
"hepb_bd","GMB","Gambia",0,0,0,0,0,0,0,0,0,0,0,0,0,0,0,0,0,0,0,0,0,0,0,0,0,0,0,0,0,0,0,0,0,0,0,0,0.25,0.26,0.34,0.42,0.5,0.58,0.66,0.74,0.82,0.9,0.08
"hepb_bd","GNB","Guinea-Bissau",0,0,0,0,0,0,0,0,0,0,0,0,0,0,0,0,0,0,0,0,0,0,0,0,0,0,0,0,0,0,0,0,0,0,0,0,0,0,0.1125,0.225,0.3375,0.45,0.5625,0.675,0.7875,0.9,0.1125
"hepb_bd","GRC","Greece",0,0,0,0,0,0,0,0,0,0,0,0,0,0,0,0,0,0,0,0,0,0,0,0,0,0,0,0,0,0,0,0,0,0,0,0,0,0,0.1125,0.225,0.3375,0.45,0.5625,0.675,0.7875,0.9,0.1125
"hepb_bd","GTM","Guatemala",0,0,0,0,0,0,0,0,0,0,0,0,0,0,0,0,0,0,0,0,0,0,0,0,0,0.15,0.31,0.35,0.39,0.21,0.32,0.4,0.53,0.48,0.48,0.48,0.48,0.48,0.5325,0.585,0.6375,0.69,0.7425,0.795,0.8475,0.9,0.0525
"hepb_bd","GUY","Guyana",0,0,0,0,0,0,0,0,0,0,0,0,0,0,0,0,0,0,0,0,0,0,0,0,0,0,0,0,0,0,0,0,0,0,0.35,0.49,0.58,0.57,0.61125,0.6525,0.69375,0.735,0.77625,0.8175,0.85875,0.9,0.04125
"hepb_bd","HND","Honduras",0,0,0,0,0,0,0,0,0,0,0,0,0,0,0,0,0,0,0,0,0,0,0.44,0.61,0.72,0.78,0.77,0.78,0.79,0.79,0.8,0.8,0.78,0.82,0.78,0.71,0.72,0.69,0.71625,0.7425,0.76875,0.795,0.82125,0.8475,0.87375,0.9,0.02625
"hepb_bd","HRV","Croatia",0,0,0,0,0,0,0,0,0,0,0,0,0,0,0,0,0,0,0,0,0,0,0,0,0,0,0.98,0.96,0.98,0.98,0,0,0,0,0,0,0,0,0.1125,0.225,0.3375,0.45,0.5625,0.675,0.7875,0.9,0.1125
"hepb_bd","HTI","Haiti",0,0,0,0,0,0,0,0,0,0,0,0,0,0,0,0,0,0,0,0,0,0,0,0,0,0,0,0,0,0,0,0,0,0,0,0,0,0,0.1125,0.225,0.3375,0.45,0.5625,0.675,0.7875,0.9,0.1125
"hepb_bd","HUN","Hungary",0,0,0,0,0,0,0,0,0,0,0,0,0,0,0,0,0,0,0,0,0,0,0,0,0,0,0,0,0,0,0,0,0,0,0,0,0,0,0.1125,0.225,0.3375,0.45,0.5625,0.675,0.7875,0.9,0.1125
"hepb_bd","IDN","Indonesia",0,0,0,0,0,0,0,0,0,0,0,0,0,0,0,0,0,0,0,0,0,0,0,0,0,0,0,0,0,0,0,0,0.32,0.58,0.84,0.73,0.7,0.85,0.85625,0.8625,0.86875,0.875,0.88125,0.8875,0.89375,0.9,0.00625000000000001
"hepb_bd","IND","India",0,0,0,0,0,0,0,0,0,0,0,0,0,0,0,0,0,0,0,0,0,0,0,0.08,0.08,0.08,0.08,0.23,0.37,0.41,0.44,0.47,0.54,0.54,0.56,0.54,0.55,0.63,0.66375,0.6975,0.73125,0.765,0.79875,0.8325,0.86625,0.9,0.03375
"hepb_bd","IRL","Ireland",0,0,0,0,0,0,0,0,0,0,0,0,0,0,0,0,0,0,0,0,0,0,0,0,0,0,0,0,0,0,0,0,0,0,0,0,0,0,0.1125,0.225,0.3375,0.45,0.5625,0.675,0.7875,0.9,0.1125
"hepb_bd","IRN","Iran (Islamic Republic of)",0,0,0,0,0,0,0,0,0,0,0,0,0,0,0,0.99,0.94,0.99,0.99,0.99,0.96,0.99,0.99,0.99,0.99,0.99,0.99,0.96,0.99,0.97,0.96,0.95,0.95,0.95,0.95,0.95,0.96,0.95,0.95625,0.9625,0.96875,0.975,0.98125,0.9875,0.99375,1,0.00625000000000001
"hepb_bd","IRQ","Iraq",0,0,0,0,0,0,0,0,0,0,0,0,0,0,0,0,0,0,0,0.92,0.93,0.88,0.9,0.92,0.6,0.27,0.32,0.37,0.43,0.44,0.43,0.45,0.44,0.42,0.51,0.47,0.48,0.5,0.55,0.6,0.65,0.7,0.75,0.8,0.85,0.9,0.05
"hepb_bd","ISR","Israel",0,0,0,0,0,0,0,0,0,0,0,0,0,0,0,0.96,0.96,0.96,0.96,0.96,0.96,0.96,0.99,0.99,0.98,0.97,0.98,0.97,0.97,0.97,0.96,0.95,0.95,0.95,0.95,0.95,0.95,0.95,0.95625,0.9625,0.96875,0.975,0.98125,0.9875,0.99375,1,0.00625000000000001
"hepb_bd","ITA","Italy",0,0,0,0,0,0,0,0,0,0,0,0,0,0,0,0,0,0,0,0,0,0,0,0,0,0,0,0,0,0,0,0,0,0,0,0,0,0,0.1125,0.225,0.3375,0.45,0.5625,0.675,0.7875,0.9,0.1125
"hepb_bd","JAM","Jamaica",0,0,0,0,0,0,0,0,0,0,0,0,0,0,0,0,0,0,0,0,0,0,0,0,0,0,0,0,0,0,0,0,0,0,0,0,0,0,0.1125,0.225,0.3375,0.45,0.5625,0.675,0.7875,0.9,0.1125
"hepb_bd","JOR","Jordan",0,0,0,0,0,0,0,0,0,0,0,0,0,0,0,0,0,0,0,0,0,0,0,0,0,0,0,0,0,0,0,0,0,0,0,0,0,0,0.1125,0.225,0.3375,0.45,0.5625,0.675,0.7875,0.9,0.1125
"hepb_bd","JPN","Japan",0,0,0,0,0,0,0,0,0,0,0,0,0,0,0,0,0,0,0,0,0,0,0,0,0,0,0,0,0,0,0,0,0,0,0,0,0,0,0.1125,0.225,0.3375,0.45,0.5625,0.675,0.7875,0.9,0.1125
"hepb_bd","KAZ","Kazakhstan",0,0,0,0,0,0,0,0,0,0,0,0,0,0,0,0.98,0.95,0.99,0.99,0.99,0.98,0.97,0.96,0.95,0.97,0.96,0.96,0.96,0.95,0.95,0.95,0.95,0.9,0.95,0.93,0.93,0.92,0.93,0.93875,0.9475,0.95625,0.965,0.97375,0.9825,0.99125,1,0.00874999999999999
"hepb_bd","KEN","Kenya",0,0,0,0,0,0,0,0,0,0,0,0,0,0,0,0,0,0,0,0,0,0,0,0,0,0,0,0,0,0,0,0,0,0,0,0,0,0,0.1125,0.225,0.3375,0.45,0.5625,0.675,0.7875,0.9,0.1125
"hepb_bd","KGZ","Kyrgyzstan",0,0,0,0,0,0,0,0,0,0,0,0,0,0,0,0.45,0.93,0.99,0.99,0.99,0.98,0.97,0.98,0.98,0.98,0.99,0.73,0.94,0.96,0.99,0.97,0.96,0.97,0.97,0.96,0.95,0.96,0.96,0.965,0.97,0.975,0.98,0.985,0.99,0.995,1,0.005
"hepb_bd","KHM","Cambodia",0,0,0,0,0,0,0,0,0,0,0,0,0,0,0,0,0,0,0,0,0,0,0.22,0.43,0.52,0.56,0.68,0.68,0.62,0.91,0.86,0.85,0.77,0.69,0.84,0.9,0.82,0.78,0.795,0.81,0.825,0.84,0.855,0.87,0.885,0.9,0.015
"hepb_bd","KIR","Kiribati",0,0,0,0,0,0,0,0,0,0,0,0,0,0,0,0.8,0.78,0.76,0.74,0.72,0.7,0.68,0.58,0.59,0.52,0.63,0.66,0.82,0.84,0.66,0.75,0.79,0.89,0.95,0.99,0.91,0.95,0.94,0.9475,0.955,0.9625,0.97,0.9775,0.985,0.9925,1,0.00750000000000001
"hepb_bd","KOR","Republic of Korea",0,0,0,0,0,0,0,0,0,0,0,0,0,0,0,0,0,0,0,0,0,0,0,0,0,0,0,0,0,0.92,0.98,0.92,0.93,0.91,0.92,0.93,0.92,0.92,0.93,0.94,0.95,0.96,0.97,0.98,0.99,1,0.01
"hepb_bd","KWT","Kuwait",0,0,0,0,0,0,0,0,0,0,0,0,0,0,0,0.94,0.95,0.96,0.98,0.99,0.99,0.99,0.99,0.99,0.99,0.99,0.98,0.97,0.98,0.96,0.99,0.92,0.99,0.93,0.95,0.96,0.98,0.99,0.99125,0.9925,0.99375,0.995,0.99625,0.9975,0.99875,1,0.00125
"hepb_bd","LAO","Lao People's Democratic Republic",0,0,0,0,0,0,0,0,0,0,0,0,0,0,0,0,0,0,0,0,0,0,0,0,0,0,0,0,0,0,0,0,0.55,0.56,0.58,0.58,0.64,0.65,0.68125,0.7125,0.74375,0.775,0.80625,0.8375,0.86875,0.9,0.03125
"hepb_bd","LBN","Lebanon",0,0,0,0,0,0,0,0,0,0,0,0,0,0,0,0.9,0.9,0.94,0.94,0.94,0.94,0.94,0.94,0.94,0.91,0.88,0.86,0.83,0.8,0.8,0.8,0.8,0.8,0.8,0.8,0.77,0.8,0.8,0.8125,0.825,0.8375,0.85,0.8625,0.875,0.8875,0.9,0.0125
"hepb_bd","LBR","Liberia",0,0,0,0,0,0,0,0,0,0,0,0,0,0,0,0,0,0,0,0,0,0,0,0,0,0,0,0,0,0,0,0,0,0,0,0,0,0,0.1125,0.225,0.3375,0.45,0.5625,0.675,0.7875,0.9,0.1125
"hepb_bd","LBY","Libya",0,0,0,0,0,0,0,0,0,0,0,0,0,0,0,0,0,0,0,0,0,0,0,0,0,0,0,0,0,0,0,0,0,0,0,0,0,0,0.1125,0.225,0.3375,0.45,0.5625,0.675,0.7875,0.9,0.1125
"hepb_bd","LKA","Sri Lanka",0,0,0,0,0,0,0,0,0,0,0,0,0,0,0,0,0,0,0,0,0,0,0,0,0,0,0,0,0,0,0,0,0,0,0,0,0,0,0.1125,0.225,0.3375,0.45,0.5625,0.675,0.7875,0.9,0.1125
"hepb_bd","LSO","Lesotho",0,0,0,0,0,0,0,0,0,0,0,0,0,0,0,0,0,0,0,0,0,0,0,0,0,0,0,0,0,0,0,0,0,0,0,0,0,0,0.1125,0.225,0.3375,0.45,0.5625,0.675,0.7875,0.9,0.1125
"hepb_bd","LTU","Lithuania",0,0,0,0,0,0,0,0,0,0,0,0,0,0,0,0.99,0.99,0.99,0.99,0.99,0.99,0.99,0.99,0.92,0.98,0.98,0.96,0.96,0.98,0.97,0.97,0.97,0.97,0.96,0.96,0.95,0.93,0.95,0.95625,0.9625,0.96875,0.975,0.98125,0.9875,0.99375,1,0.00625000000000001
"hepb_bd","MAR","Morocco",0,0,0,0,0,0,0,0,0,0,0,0,0,0,0,0,0,0,0,0,0,0,0,0,0,0.2,0.04,0.09,0.14,0.14,0.14,0.22,0.33,0.36,0.41,0.41,0.41,0.41,0.47125,0.5325,0.59375,0.655,0.71625,0.7775,0.83875,0.9,0.06125
"hepb_bd","MDA","Republic of Moldova",0,0,0,0,0,0,0,0,0,0,0,0,0,0,0,0.93,0.91,0.99,0.99,0.99,0.99,0.99,0.99,0.99,0.98,0.98,0.99,0.99,0.95,0.96,0.96,0.99,0.96,0.96,0.93,0.95,0.93,0.93,0.93875,0.9475,0.95625,0.965,0.97375,0.9825,0.99125,1,0.00874999999999999
"hepb_bd","MDG","Madagascar",0,0,0,0,0,0,0,0,0,0,0,0,0,0,0,0,0,0,0,0,0,0,0,0,0,0,0,0,0,0,0,0,0,0,0,0,0,0,0.1125,0.225,0.3375,0.45,0.5625,0.675,0.7875,0.9,0.1125
"hepb_bd","MEX","Mexico",0,0,0,0,0,0,0,0,0,0,0,0,0,0,0,0,0,0,0,0,0,0,0,0,0,0,0,0,0,0,0,0,0,0,0,0.5,0.5,0.5,0.55,0.6,0.65,0.7,0.75,0.8,0.85,0.9,0.05
"hepb_bd","MKD","North Macedonia",0,0,0,0,0,0,0,0,0,0,0,0,0,0,0,0,0,0,0,0,0,0.88,0.9,0.92,0.93,0.95,0.97,0.99,0.98,0.98,0.98,0.98,0.98,0.98,0.98,0.97,0.97,0.97,0.97375,0.9775,0.98125,0.985,0.98875,0.9925,0.99625,1,0.00375
"hepb_bd","MLI","Mali",0,0,0,0,0,0,0,0,0,0,0,0,0,0,0,0,0,0,0,0,0,0,0,0,0,0,0,0,0,0,0,0,0,0,0,0,0,0,0.1125,0.225,0.3375,0.45,0.5625,0.675,0.7875,0.9,0.1125
"hepb_bd","MLT","Malta",0,0,0,0,0,0,0,0,0,0,0,0,0,0,0,0,0,0,0,0,0,0,0,0,0,0,0,0,0,0,0,0,0,0,0,0,0,0,0.1125,0.225,0.3375,0.45,0.5625,0.675,0.7875,0.9,0.1125
"hepb_bd","MMR","Myanmar",0,0,0,0,0,0,0,0,0,0,0,0,0,0,0,0,0,0,0,0,0,0,0,0,0,0,0,0,0,0,0,0,0.01,0.07,0.17,0.21,0.06,0.08,0.1825,0.285,0.3875,0.49,0.5925,0.695,0.7975,0.9,0.1025
"hepb_bd","MNG","Mongolia",0,0,0,0,0,0,0,0,0,0,0,0,0,0,0,0.96,0.98,0.98,0.99,0.98,0.89,0.98,0.97,0.94,0.98,0.95,0.96,0.97,0.97,0.97,0.97,0.98,0.98,0.98,0.98,0.98,0.98,0.98,0.9825,0.985,0.9875,0.99,0.9925,0.995,0.9975,1,0.0025
"hepb_bd","MOZ","Mozambique",0,0,0,0,0,0,0,0,0,0,0,0,0,0,0,0,0,0,0,0,0,0,0,0,0,0,0,0,0,0,0,0,0,0,0,0,0,0,0.1125,0.225,0.3375,0.45,0.5625,0.675,0.7875,0.9,0.1125
"hepb_bd","MRT","Mauritania",0,0,0,0,0,0,0,0,0,0,0,0,0,0,0,0,0,0,0,0,0,0,0,0,0,0,0,0,0,0,0,0,0,0,0,0,0,0,0.1125,0.225,0.3375,0.45,0.5625,0.675,0.7875,0.9,0.1125
"hepb_bd","MWI","Malawi",0,0,0,0,0,0,0,0,0,0,0,0,0,0,0,0,0,0,0,0,0,0,0,0,0,0,0,0,0,0,0,0,0,0,0,0,0,0,0.1125,0.225,0.3375,0.45,0.5625,0.675,0.7875,0.9,0.1125
"hepb_bd","MYS","Malaysia",0,0,0,0,0,0,0,0,0,0,0,0,0,0,0,0.92,0.97,0.9,0.9,0.95,0.9,0.9,0.9,0.99,0.95,0.95,0.95,0.91,0.87,0.9,0.88,0.88,0.9,0.95,0.99,0.99,0.99,0.99,0.99125,0.9925,0.99375,0.995,0.99625,0.9975,0.99875,1,0.00125
"hepb_bd","NER","Niger",0,0,0,0,0,0,0,0,0,0,0,0,0,0,0,0,0,0,0,0,0,0,0,0,0,0,0,0,0,0,0,0,0,0,0,0,0,0,0.1125,0.225,0.3375,0.45,0.5625,0.675,0.7875,0.9,0.1125
"hepb_bd","NGA","Nigeria",0,0,0,0,0,0,0,0,0,0,0,0,0,0,0,0,0,0,0,0,0,0.02,0.02,0.11,0.2,0.29,0.29,0.29,0.3,0.3,0.3,0.3,0.3,0.41,0.52,0.52,0.52,0.52,0.5675,0.615,0.6625,0.71,0.7575,0.805,0.8525,0.9,0.0475
"hepb_bd","NIC","Nicaragua",0,0,0,0,0,0,0,0,0,0,0,0,0,0,0,0,0,0,0,0,0,0,0,0,0,0,0,0,0,0,0,0,0,0,0,0,0,0,0.1125,0.225,0.3375,0.45,0.5625,0.675,0.7875,0.9,0.1125
"hepb_bd","NLD","Netherlands (Kingdom of the)",0,0,0,0,0,0,0,0,0,0,0,0,0,0,0,0,0,0,0,0,0,0,0,0,0,0,0,0,0,0,0,0,0,0,0,0,0,0,0.1125,0.225,0.3375,0.45,0.5625,0.675,0.7875,0.9,0.1125
"hepb_bd","NOR","Norway",0,0,0,0,0,0,0,0,0,0,0,0,0,0,0,0,0,0,0,0,0,0,0,0,0,0,0,0,0,0,0,0,0,0,0,0,0,0,0.1125,0.225,0.3375,0.45,0.5625,0.675,0.7875,0.9,0.1125
"hepb_bd","NPL","Nepal",0,0,0,0,0,0,0,0,0,0,0,0,0,0,0,0,0,0,0,0,0,0,0,0,0,0,0,0,0,0,0,0,0,0,0,0,0,0,0.1125,0.225,0.3375,0.45,0.5625,0.675,0.7875,0.9,0.1125
"hepb_bd","NZL","New Zealand",0,0,0,0,0,0,0,0,0,0,0,0,0,0,0,0,0,0,0,0,0,0,0,0,0,0,0,0,0,0,0,0,0,0,0,0,0,0,0.1125,0.225,0.3375,0.45,0.5625,0.675,0.7875,0.9,0.1125
"hepb_bd","OMN","Oman",0,0,0,0,0,0,0,0,0,0,0,0,0,0,0,0.99,0.97,0.97,0.99,0.99,0.99,0.99,0.99,0.99,0.99,0.99,0.99,0.99,0.99,0.99,0.99,0.99,0.99,0.99,0.99,0.99,0.99,0.99,0.99125,0.9925,0.99375,0.995,0.99625,0.9975,0.99875,1,0.00125
"hepb_bd","PAK","Pakistan",0,0,0,0,0,0,0,0,0,0,0,0,0,0,0,0,0,0,0,0,0,0,0,0,0,0,0,0,0,0,0,0,0,0,0,0,0,0,0.1125,0.225,0.3375,0.45,0.5625,0.675,0.7875,0.9,0.1125
"hepb_bd","PAN","Panama",0,0,0,0,0,0,0,0,0,0,0,0,0,0,0,0,0.02,0.3,0.57,0.85,0.75,0.79,0.83,0.8,0.78,0.89,0.93,0.87,0.79,0.84,0.85,0.84,0.87,0.85,0.85,0.86,0.87,0.87,0.87375,0.8775,0.88125,0.885,0.88875,0.8925,0.89625,0.9,0.00375
"hepb_bd","PER","Peru",0,0,0,0,0,0,0,0,0,0,0,0,0,0,0,0,0,0,0.6,0.68,0.67,0.66,0.73,0.79,0.71,0.74,0.76,0.81,0.82,0.78,0.79,0.79,0.8,0.81,0.82,0.75,0.77,0.79,0.80375,0.8175,0.83125,0.845,0.85875,0.8725,0.88625,0.9,0.01375
"hepb_bd","PHL","Philippines",0,0,0,0,0,0,0,0,0,0,0,0,0,0,0,0,0,0,0,0,0,0,0.09,0.21,0.34,0.35,0.33,0.29,0.34,0.44,0.49,0.52,0.52,0.5,0.6,0.53,0.39,0.53,0.57625,0.6225,0.66875,0.715,0.76125,0.8075,0.85375,0.9,0.04625
"hepb_bd","PNG","Papua New Guinea",0,0,0,0,0,0,0,0,0,0,0,0,0,0,0,0,0,0,0,0,0,0.35,0.29,0.27,0.26,0.31,0.31,0.35,0.37,0.31,0.32,0.35,0.33,0.25,0.21,0.24,0.22,0.24,0.3225,0.405,0.4875,0.57,0.6525,0.735,0.8175,0.9,0.0825
"hepb_bd","POL","Poland",0,0,0,0,0,0,0,0,0,0,0,0,0,0,0,0.99,0.99,0.99,0.99,0.99,0.99,0.99,0.99,0.99,0.99,0.99,0.99,0.99,0.99,0.98,0.97,0.96,0.95,0.94,0.93,0.79,0.79,0.79,0.80375,0.8175,0.83125,0.845,0.85875,0.8725,0.88625,0.9,0.01375
"hepb_bd","PRK","Democratic People's Republic of Korea",0,0,0,0,0,0,0,0,0,0,0,0,0,0,0,0,0,0,0.28,0.99,0.94,0.94,0.96,0.97,0.98,0.99,0.99,0.99,0.99,0.99,0.97,0.98,0.98,0.98,0.98,0.99,0.99,0.5,0.55,0.6,0.65,0.7,0.75,0.8,0.85,0.9,0.05
"hepb_bd","PRT","Portugal",0,0,0,0,0,0,0,0,0,0,0,0,0,0,0,0.64,0.82,0.99,0.84,0.86,0.86,0.91,0.95,0.95,0.95,0.96,0.97,0.97,0.98,0.98,0.97,0.97,0.97,0.97,0.97,0.97,0.97,0.97,0.97375,0.9775,0.98125,0.985,0.98875,0.9925,0.99625,1,0.00375
"hepb_bd","PRY","Paraguay",0,0,0,0,0,0,0,0,0,0,0,0,0,0,0,0,0,0,0,0,0,0,0,0,0,0,0,0,0,0,0,0,0,0,0,0,0,0,0.1125,0.225,0.3375,0.45,0.5625,0.675,0.7875,0.9,0.1125
"hepb_bd","QAT","Qatar",0,0,0,0,0,0,0,0,0,0,0,0,0,0,0,0.99,0.99,0.99,0.99,0.99,0.99,0.99,0.93,0.94,0.94,0.99,0.95,0.95,0.93,0.92,0.95,0.96,0.97,0.97,0.98,0.98,0.99,0.99,0.99125,0.9925,0.99375,0.995,0.99625,0.9975,0.99875,1,0.00125
"hepb_bd","ROU","Romania",0,0,0,0,0,0,0,0,0,0,0,0,0,0,0,0.99,0.99,0.99,0.99,0.99,0.99,0.99,0.9,0.99,0.97,0.98,0.99,0.99,0.98,0.73,0.96,0.93,0.36,0.68,0.99,0.97,0.97,0.97,0.97375,0.9775,0.98125,0.985,0.98875,0.9925,0.99625,1,0.00375
"hepb_bd","RUS","Russian Federation",0,0,0,0,0,0,0,0,0,0,0,0,0,0,0,0,0,0,0,0,0,0,0,0,0,0,0,0,0,0,0,0,0,0,0,0,0,0,0.1125,0.225,0.3375,0.45,0.5625,0.675,0.7875,0.9,0.1125
"hepb_bd","RWA","Rwanda",0,0,0,0,0,0,0,0,0,0,0,0,0,0,0,0,0,0,0,0,0,0,0,0,0,0,0,0,0,0,0,0,0,0,0,0,0,0,0.1125,0.225,0.3375,0.45,0.5625,0.675,0.7875,0.9,0.1125
"hepb_bd","SAU","Saudi Arabia",0,0,0,0,0,0,0,0,0,0,0,0,0,0,0,0,0.94,0.98,0.94,0.95,0.96,0.95,0.96,0.98,0.98,0.98,0.98,0.99,0.99,0.98,0.98,0.98,0.96,0.98,0.96,0.96,0.98,0.98,0.9825,0.985,0.9875,0.99,0.9925,0.995,0.9975,1,0.0025
"hepb_bd","SDN","Sudan",0,0,0,0,0,0,0,0,0,0,0,0,0,0,0,0,0,0,0,0,0,0,0,0,0,0,0,0,0,0,0,0,0,0,0,0,0,0,0.1125,0.225,0.3375,0.45,0.5625,0.675,0.7875,0.9,0.1125
"hepb_bd","SEN","Senegal",0,0,0,0,0,0,0,0,0,0,0,0,0,0,0,0,0,0,0,0,0,0,0,0,0,0,0,0,0,0,0,0.62,0.76,0.81,0.85,0.86,0.78,0.76,0.7775,0.795,0.8125,0.83,0.8475,0.865,0.8825,0.9,0.0175
"hepb_bd","SGP","Singapore",0,0,0,0,0,0,0,0,0,0,0,0,0,0,0,0,0,0,0.77,0.72,0.74,0.74,0.72,0.71,0.69,0.69,0.69,0.67,0.68,0.68,0.71,0.91,0.91,0.92,0.9,0.88,0.92,0.92,0.93,0.94,0.95,0.96,0.97,0.98,0.99,1,0.01
"hepb_bd","SLB","Solomon Islands",0,0,0,0,0,0,0,0,0,0,0,0,0,0,0,0,0.99,0.73,0.76,0.78,0.8,0.81,0.83,0.8,0.71,0.62,0.61,0.59,0.58,0.62,0.65,0.67,0.67,0.66,0.66,0.7,0.76,0.76,0.7775,0.795,0.8125,0.83,0.8475,0.865,0.8825,0.9,0.0175
"hepb_bd","SLE","Sierra Leone",0,0,0,0,0,0,0,0,0,0,0,0,0,0,0,0,0,0,0,0,0,0,0,0,0,0,0,0,0,0,0,0,0,0,0,0,0,0,0.1125,0.225,0.3375,0.45,0.5625,0.675,0.7875,0.9,0.1125
"hepb_bd","SLV","El Salvador",0,0,0,0,0,0,0,0,0,0,0,0,0,0,0,0,0,0,0,0,0,0,0,0,0,0,0,0,0,0,0.86,0.92,0.91,0.88,0.91,0.9,0.87,0.86,0.865,0.87,0.875,0.88,0.885,0.89,0.895,0.9,0.005
"hepb_bd","SOM","Somalia",0,0,0,0,0,0,0,0,0,0,0,0,0,0,0,0,0,0,0,0,0,0,0,0,0,0,0,0,0,0,0,0,0,0,0,0,0,0,0.1125,0.225,0.3375,0.45,0.5625,0.675,0.7875,0.9,0.1125
"hepb_bd","SRB","Serbia",0,0,0,0,0,0,0,0,0,0,0,0,0,0,0,0,0,0,0,0.98,0.98,0.98,0.99,0.99,0.99,0.99,0.99,0.99,0.99,0.99,0.99,0.99,0.99,0.99,0.99,0.99,0.99,0.99,0.99125,0.9925,0.99375,0.995,0.99625,0.9975,0.99875,1,0.00125
"hepb_bd","SSD","South Sudan",0,0,0,0,0,0,0,0,0,0,0,0,0,0,0,0,0,0,0,0,0,0,0,0,0,0,0,0,0,0,0,0,0,0,0,0,0,0,0.1125,0.225,0.3375,0.45,0.5625,0.675,0.7875,0.9,0.1125
"hepb_bd","STP","Sao Tome and Principe",0,0,0,0,0,0,0,0,0,0,0,0,0,0,0,0,0,0,0,0,0,0,0,0,0,0,0,0,0,0,0,0,0,0,0.95,0.82,0.69,0.69,0.71625,0.7425,0.76875,0.795,0.82125,0.8475,0.87375,0.9,0.02625
"hepb_bd","SUR","Suriname",0,0,0,0,0,0,0,0,0,0,0,0,0,0,0,0,0,0,0,0,0,0.64,0.67,0.69,0.36,0.41,0.46,0.51,0.45,0.64,0.65,0.8,0.8,0.79,0.79,0.79,0.79,0.79,0.80375,0.8175,0.83125,0.845,0.85875,0.8725,0.88625,0.9,0.01375
"hepb_bd","SVK","Slovakia",0,0,0,0,0,0,0,0,0,0,0,0,0,0,0,0,0,0,0,0,0,0,0,0,0,0,0,0,0,0,0,0,0,0,0,0,0,0,0.1125,0.225,0.3375,0.45,0.5625,0.675,0.7875,0.9,0.1125
"hepb_bd","SVN","Slovenia",0,0,0,0,0,0,0,0,0,0,0,0,0,0,0,0,0,0,0,0,0,0,0,0,0,0,0,0,0,0,0,0,0,0,0,0,0,0,0.1125,0.225,0.3375,0.45,0.5625,0.675,0.7875,0.9,0.1125
"hepb_bd","SWE","Sweden",0,0,0,0,0,0,0,0,0,0,0,0,0,0,0,0,0,0,0,0,0,0,0,0,0,0,0,0,0,0,0,0,0,0,0,0,0,0,0.1125,0.225,0.3375,0.45,0.5625,0.675,0.7875,0.9,0.1125
"hepb_bd","SWZ","Eswatini",0,0,0,0,0,0,0,0,0,0,0,0,0,0,0,0,0,0,0,0,0,0,0,0,0,0,0,0,0,0,0,0,0,0,0,0,0,0,0.1125,0.225,0.3375,0.45,0.5625,0.675,0.7875,0.9,0.1125
"hepb_bd","SYR","Syrian Arab Republic",0,0,0,0,0,0,0,0,0,0,0,0,0,0,0,0,0,0,0,0,0,0,0,0,0,0,0,0,0,0,0,0,0,0,0,0,0,0,0.1125,0.225,0.3375,0.45,0.5625,0.675,0.7875,0.9,0.1125
"hepb_bd","TCD","Chad",0,0,0,0,0,0,0,0,0,0,0,0,0,0,0,0,0,0,0,0,0,0,0,0,0,0,0,0,0,0,0,0,0,0,0,0,0,0,0.1125,0.225,0.3375,0.45,0.5625,0.675,0.7875,0.9,0.1125
"hepb_bd","TGO","Togo",0,0,0,0,0,0,0,0,0,0,0,0,0,0,0,0,0,0,0,0,0,0,0,0,0,0,0,0,0,0,0,0,0,0,0,0,0,0,0.1125,0.225,0.3375,0.45,0.5625,0.675,0.7875,0.9,0.1125
"hepb_bd","THA","Thailand",0,0,0,0,0,0,0,0,0,0,0,0,0,0,0,0,0,0,0,0,0,0,0,0,0,0,0,0,0,0,0,0,0.99,0.99,0.99,0.99,0.99,0.99,0.99125,0.9925,0.99375,0.995,0.99625,0.9975,0.99875,1,0.00125
"hepb_bd","TJK","Tajikistan",0,0,0,0,0,0,0,0,0,0,0,0,0,0,0,0,0,0.8,0.77,0.9,0.98,0.94,0.83,0.85,0.97,0.96,0.98,0.98,0.98,0.98,0.95,0.92,0.99,0.99,0.99,0.99,0.99,0.99,0.99125,0.9925,0.99375,0.995,0.99625,0.9975,0.99875,1,0.00125
"hepb_bd","TKM","Turkmenistan",0,0,0,0,0,0,0,0,0,0,0,0,0,0,0,0,0,0.98,0.99,0.99,0.99,0.99,0.99,0.99,0.99,0.99,0.99,0.99,0.99,0.99,0.99,0.99,0.99,0.99,0.99,0.99,0.99,0.99,0.99125,0.9925,0.99375,0.995,0.99625,0.9975,0.99875,1,0.00125
"hepb_bd","TLS","Timor-Leste",0,0,0,0,0,0,0,0,0,0,0,0,0,0,0,0,0,0,0,0,0,0,0,0,0,0,0,0,0,0,0,0.42,0.61,0.66,0.7,0.72,0.72,0.72,0.7425,0.765,0.7875,0.81,0.8325,0.855,0.8775,0.9,0.0225
"hepb_bd","TON","Tonga",0,0,0,0,0,0,0,0,0,0,0,0,0,0,0,0.99,0.99,0.99,0.99,0.99,0.99,0.99,0.99,0.99,0.99,0.99,0.99,0.95,0.99,0.99,0.92,0.91,0.99,0.99,0.99,0.99,0.99,0.99,0.99125,0.9925,0.99375,0.995,0.99625,0.9975,0.99875,1,0.00125
"hepb_bd","TTO","Trinidad and Tobago",0,0,0,0,0,0,0,0,0,0,0,0,0,0,0,0,0,0,0,0,0,0,0,0,0,0,0,0,0,0,0,0,0,0,0,0,0,0,0.1125,0.225,0.3375,0.45,0.5625,0.675,0.7875,0.9,0.1125
"hepb_bd","TUN","Tunisia",0,0,0,0,0,0,0,0,0,0,0,0,0,0,0,0,0,0,0,0,0,0,0.89,0.92,0.88,0.82,0.8,0.73,0.82,0.8,0.88,0.85,0.83,0.81,0.81,0.8,0.74,0.67,0.69875,0.7275,0.75625,0.785,0.81375,0.8425,0.87125,0.9,0.02875
"hepb_bd","TUR","T<fc>rkiye",0,0,0,0,0,0,0,0,0,0,0,0,0,0,0,0,0,0,0.78,0.88,0.94,0.95,0.96,0.96,0.96,0.97,0.97,0.97,0.99,0.99,0.99,0.99,0.99,0.99,0.99,0.99,0.99,0.99,0.99125,0.9925,0.99375,0.995,0.99625,0.9975,0.99875,1,0.00125
"hepb_bd","TZA","United Republic of Tanzania",0,0,0,0,0,0,0,0,0,0,0,0,0,0,0,0,0,0,0,0,0,0,0,0,0,0,0,0,0,0,0,0,0,0,0,0,0,0,0.1125,0.225,0.3375,0.45,0.5625,0.675,0.7875,0.9,0.1125
"hepb_bd","UGA","Uganda",0,0,0,0,0,0,0,0,0,0,0,0,0,0,0,0,0,0,0,0,0,0,0,0,0,0,0,0,0,0,0,0,0,0,0,0,0,0,0.1125,0.225,0.3375,0.45,0.5625,0.675,0.7875,0.9,0.1125
"hepb_bd","UKR","Ukraine",0,0,0,0,0,0,0,0,0,0,0,0,0,0,0,0,0.34,0.7,0.85,0.99,0.96,0.88,0.89,0.82,0.73,0.64,0.53,0.51,0.51,0.57,0.57,0.37,0.49,0.6,0.6,0.69,0.56,0.53,0.57625,0.6225,0.66875,0.715,0.76125,0.8075,0.85375,0.9,0.04625
"hepb_bd","USA","United States of America",0,0,0,0,0,0,0,0,0,0,0,0,0,0,0,0,0,0.21,0.39,0.48,0.5,0.5,0.53,0.55,0.61,0.64,0.69,0.72,0.74,0.72,0.72,0.64,0.63,0.66,0.67,0.69,0.72,0.75,0.76875,0.7875,0.80625,0.825,0.84375,0.8625,0.88125,0.9,0.01875
"hepb_bd","UZB","Uzbekistan",0,0,0,0,0,0,0,0,0,0,0,0,0,0,0,0,0,0.99,0.99,0.99,0.99,0.99,0.99,0.99,0.99,0.48,0.99,0.99,0.99,0.99,0.99,0.99,0.99,0.95,0.99,0.97,0.99,0.99,0.99125,0.9925,0.99375,0.995,0.99625,0.9975,0.99875,1,0.00125
"hepb_bd","VEN","Venezuela (Bolivarian Republic of)",0,0,0,0,0,0,0,0,0,0,0,0,0,0,0,0.14,0.35,0.34,0.44,0.57,0.63,0.61,0.64,0.73,0.66,0.73,0.78,0.67,0.8,0.72,0.64,0.56,0.56,0.55,0.52,0.5,0.37,0.37,0.43625,0.5025,0.56875,0.635,0.70125,0.7675,0.83375,0.9,0.06625
"hepb_bd","VNM","Viet Nam",0,0,0,0,0,0,0,0,0,0,0,0,0,0,0,0,0,0,0,0,0,0,0.27,0.25,0.4,0.21,0.55,0.76,0.56,0.55,0.7,0.68,0.77,0.74,0.79,0.82,0.77,0.77,0.78625,0.8025,0.81875,0.835,0.85125,0.8675,0.88375,0.9,0.01625
"hepb_bd","VUT","Vanuatu",0,0,0,0,0,0,0,0,0,0,0,0,0,0,0,0,0,0,0,0,0,0,0,0,0,0,0,0,0,0,0,0,0.75,0.8,0.82,0.59,0.66,0.69,0.71625,0.7425,0.76875,0.795,0.82125,0.8475,0.87375,0.9,0.02625
"hepb_bd","WSM","Samoa",0,0,0,0,0,0,0,0,0,0,0,0,0,0,0,0.86,0.85,0.86,0.85,0.45,0.52,0.58,0.85,0.68,0.62,0.78,0.87,0.83,0.77,0.69,0.71,0.78,0.8,0.59,0.78,0.92,0.89,0.95,0.95625,0.9625,0.96875,0.975,0.98125,0.9875,0.99375,1,0.00625000000000001
"hepb_bd","YEM","Yemen",0,0,0,0,0,0,0,0,0,0,0,0,0,0,0,0,0,0,0,0,0,0,0,0,0,0,0,0,0,0,0,0,0,0,0,0,0,0,0.1125,0.225,0.3375,0.45,0.5625,0.675,0.7875,0.9,0.1125
"hepb_bd","ZAF","South Africa",0,0,0,0,0,0,0,0,0,0,0,0,0,0,0,0,0,0,0,0,0,0,0,0,0,0,0,0,0,0,0,0,0,0,0,0,0,0,0.1125,0.225,0.3375,0.45,0.5625,0.675,0.7875,0.9,0.1125
"hepb_bd","ZMB","Zambia",0,0,0,0,0,0,0,0,0,0,0,0,0,0,0,0,0,0,0,0,0,0,0,0,0,0,0,0,0,0,0,0,0,0,0,0,0,0,0.1125,0.225,0.3375,0.45,0.5625,0.675,0.7875,0.9,0.1125
"hepb_bd","ZWE","Zimbabwe",0,0,0,0,0,0,0,0,0,0,0,0,0,0,0,0,0,0,0,0,0,0,0,0,0,0,0,0,0,0,0,0,0,0,0,0,0,0,0.1125,0.225,0.3375,0.45,0.5625,0.675,0.7875,0.9,0.1125
"hepb3","AFG","Afghanistan",0,0,0,0,0,0,0,0,0,0,0,0,0,0,0,0,0,0,0,0,0,0,0.63,0.64,0.63,0.66,0.68,0.67,0.64,0.62,0.64,0.66,0.66,0.72,0.72,0.7,0.66,0.69,0.71625,0.7425,0.76875,0.795,0.82125,0.8475,0.87375,0.9,0.02625
"hepb3","AGO","Angola",0,0,0,0,0,0,0,0,0,0,0,0,0,0,0,0,0,0,0,0,0,0,0.43,0.45,0.47,0.49,0.5,0.52,0.54,0.55,0.59,0.59,0.56,0.63,0.57,0.51,0.45,0.42,0.48,0.54,0.6,0.66,0.72,0.78,0.84,0.9,0.06
"hepb3","ALB","Albania",0,0,0,0,0,0,0,0,0,0.99,0.88,0.96,0.97,0.94,0.96,0.96,0.96,0.96,0.97,0.99,0.98,0.98,0.98,0.99,0.98,0.99,0.99,0.99,0.99,0.98,0.99,0.98,0.99,0.99,0.99,0.98,0.98,0.97,0.97375,0.9775,0.98125,0.985,0.98875,0.9925,0.99625,1,0.00375
"hepb3","ARE","United Arab Emirates",0,0,0,0,0,0,0,0,0.9,0.9,0.9,0.9,0.9,0.96,0.92,0.92,0.92,0.92,0.92,0.92,0.92,0.92,0.92,0.92,0.93,0.94,0.95,0.96,0.98,0.99,0.99,0.99,0.98,0.99,0.98,0.91,0.95,0.95,0.95625,0.9625,0.96875,0.975,0.98125,0.9875,0.99375,1,0.00625000000000001
"hepb3","ARG","Argentina",0,0,0,0,0,0,0,0,0,0,0,0,0,0,0,0,0,0.66,0.73,0.81,0.88,0.84,0.85,0.9,0.94,0.94,0.91,0.91,0.94,0.94,0.94,0.92,0.86,0.86,0.83,0.74,0.81,0.81,0.82125,0.8325,0.84375,0.855,0.86625,0.8775,0.88875,0.9,0.01125
"hepb3","ARM","Armenia",0,0,0,0,0,0,0,0,0,0,0,0,0,0,0,0.55,0.69,0.91,0.93,0.91,0.91,0.78,0.85,0.89,0.93,0.94,0.95,0.95,0.95,0.93,0.94,0.94,0.94,0.92,0.92,0.92,0.93,0.96,0.965,0.97,0.975,0.98,0.985,0.99,0.995,1,0.005
"hepb3","AUS","Australia",0,0,0,0,0,0,0,0,0,0,0,0,0,0,0,0,0.94,0.95,0.95,0.95,0.95,0.95,0.94,0.94,0.94,0.92,0.92,0.91,0.91,0.91,0.93,0.94,0.95,0.95,0.95,0.95,0.95,0.94,0.9475,0.955,0.9625,0.97,0.9775,0.985,0.9925,1,0.00750000000000001
"hepb3","AUT","Austria",0,0,0,0,0,0,0,0,0,0,0,0,0,0,0,0.33,0.44,0.81,0.83,0.83,0.86,0.83,0.85,0.83,0.83,0.86,0.89,0.92,0.95,0.98,0.93,0.87,0.9,0.85,0.85,0.85,0.86,0.84,0.8475,0.855,0.8625,0.87,0.8775,0.885,0.8925,0.9,0.00750000000000001
"hepb3","AZE","Azerbaijan",0,0,0,0,0,0,0,0,0,0,0,0,0,0,0,0,0,0.5,0.51,0.5,0.49,0.52,0.62,0.68,0.74,0.8,0.84,0.88,0.93,0.94,0.96,0.97,0.95,0.95,0.94,0.79,0.89,0.83,0.83875,0.8475,0.85625,0.865,0.87375,0.8825,0.89125,0.9,0.00875000000000001
"hepb3","BDI","Burundi",0,0,0,0,0,0,0,0,0,0,0,0,0,0,0,0,0,0,0,0.83,0.87,0.92,0.99,0.92,0.94,0.96,0.96,0.96,0.96,0.95,0.94,0.94,0.91,0.9,0.93,0.93,0.94,0.91,0.92125,0.9325,0.94375,0.955,0.96625,0.9775,0.98875,1,0.01125
"hepb3","BEL","Belgium",0,0,0,0,0,0,0,0,0,0,0,0,0.02,0.31,0.46,0.6,0.6,0.6,0.64,0.64,0.77,0.94,0.94,0.98,0.97,0.97,0.97,0.98,0.98,0.98,0.98,0.97,0.97,0.97,0.97,0.97,0.97,0.97,0.97375,0.9775,0.98125,0.985,0.98875,0.9925,0.99625,1,0.00375
"hepb3","BEN","Benin",0,0,0,0,0,0,0,0,0,0,0,0,0,0,0,0,0,0.15,0.73,0.75,0.7,0.74,0.82,0.75,0.79,0.76,0.75,0.8,0.77,0.74,0.74,0.76,0.76,0.76,0.76,0.72,0.76,0.76,0.7775,0.795,0.8125,0.83,0.8475,0.865,0.8825,0.9,0.0175
"hepb3","BFA","Burkina Faso",0,0,0,0,0,0,0,0,0,0,0,0,0,0,0,0,0,0,0,0,0,0.76,0.89,0.93,0.92,0.91,0.91,0.9,0.88,0.91,0.91,0.91,0.91,0.91,0.91,0.91,0.91,0.91,0.92125,0.9325,0.94375,0.955,0.96625,0.9775,0.98875,1,0.01125
"hepb3","BGD","Bangladesh",0,0,0,0,0,0,0,0,0,0,0,0,0,0,0,0,0,0,0.05,0.11,0.45,0.86,0.95,0.96,0.97,0.94,0.96,0.94,0.96,0.97,0.98,0.98,0.98,0.98,0.98,0.98,0.98,0.98,0.9825,0.985,0.9875,0.99,0.9925,0.995,0.9975,1,0.0025
"hepb3","BGR","Bulgaria",0,0,0,0,0,0,0,0.71,0.96,0.94,0.95,0.94,0.77,0.97,0.97,0.94,0.93,0.88,0.96,0.94,0.96,0.96,0.95,0.96,0.96,0.95,0.96,0.95,0.95,0.95,0.92,0.91,0.92,0.85,0.93,0.91,0.89,0.91,0.92125,0.9325,0.94375,0.955,0.96625,0.9775,0.98875,1,0.01125
"hepb3","BHR","Bahrain",0,0,0,0,0,0,0,0.57,0.9,0.93,0.95,0.96,0.95,0.95,0.97,0.97,0.99,0.98,0.98,0.98,0.98,0.98,0.97,0.97,0.98,0.99,0.99,0.99,0.99,0.98,0.98,0.99,0.98,0.99,0.99,0.98,0.98,0.97,0.97375,0.9775,0.98125,0.985,0.98875,0.9925,0.99625,1,0.00375
"hepb3","BIH","Bosnia and Herzegovina",0,0,0,0,0,0,0,0,0,0,0,0,0,0,0,0,0,0,0,0.36,0.93,0.9,0.94,0.88,0.9,0.89,0.88,0.92,0.91,0.89,0.82,0.78,0.77,0.8,0.8,0.79,0.79,0.78,0.795,0.81,0.825,0.84,0.855,0.87,0.885,0.9,0.015
"hepb3","BLR","Belarus",0,0,0,0,0,0,0,0,0,0,0,0,0,0,0,0.7,0.93,0.99,0.56,0.99,0.99,0.98,0.91,0.98,0.98,0.96,0.98,0.97,0.98,0.97,0.99,0.96,0.98,0.98,0.97,0.97,0.98,0.98,0.9825,0.985,0.9875,0.99,0.9925,0.995,0.9975,1,0.0025
"hepb3","BLZ","Belize",0,0,0,0,0,0,0,0,0,0,0,0,0,0,0,0.76,0.96,0.97,0.96,0.97,0.96,0.98,0.96,0.94,0.97,0.96,0.95,0.98,0.95,0.95,0.94,0.95,0.88,0.96,0.98,0.79,0.83,0.84,0.8475,0.855,0.8625,0.87,0.8775,0.885,0.8925,0.9,0.00750000000000001
"hepb3","BOL","Bolivia (Plurinational State of)",0,0,0,0,0,0,0,0,0,0,0,0,0,0,0,0.77,0.77,0.77,0.8,0.84,0.85,0.83,0.84,0.88,0.93,0.91,0.95,0.93,0.87,0.85,0.89,0.87,0.84,0.83,0.75,0.68,0.7,0.69,0.71625,0.7425,0.76875,0.795,0.82125,0.8475,0.87375,0.9,0.02625
"hepb3","BRA","Brazil",0,0,0,0,0,0,0,0,0,0.04,0.1,0.15,0.06,0.13,0.84,0.94,0.91,0.92,0.97,0.96,0.98,0.99,0.99,0.96,0.99,0.96,0.98,0.96,0.96,0.96,0.96,0.89,0.82,0.87,0.72,0.77,0.68,0.77,0.78625,0.8025,0.81875,0.835,0.85125,0.8675,0.88375,0.9,0.01625
"hepb3","BTN","Bhutan",0,0,0,0,0,0,0,0,0,0,0,0.16,0.84,0.81,0.9,0.98,0.89,0.83,0.95,0.89,0.95,0.95,0.95,0.96,0.93,0.91,0.95,0.97,0.97,0.99,0.99,0.98,0.98,0.97,0.97,0.96,0.98,0.98,0.9825,0.985,0.9875,0.99,0.9925,0.995,0.9975,1,0.0025
"hepb3","CAF","Central African Republic",0,0,0,0,0,0,0,0,0,0,0,0,0,0,0,0,0,0,0,0,0,0,0,0,0.42,0.45,0.47,0.47,0.23,0.45,0.43,0.42,0.42,0.42,0.42,0.42,0.42,0.42,0.48,0.54,0.6,0.66,0.72,0.78,0.84,0.9,0.06
"hepb3","CAN","Canada",0,0,0,0,0,0,0,0,0,0,0,0,0,0,0,0,0,0,0.14,0.14,0.14,0.14,0.14,0.28,0.42,0.56,0.7,0.7,0.55,0.55,0.69,0.7,0.71,0.71,0.84,0.84,0.84,0.83,0.83875,0.8475,0.85625,0.865,0.87375,0.8825,0.89125,0.9,0.00875000000000001
"hepb3","CHE","Switzerland",0,0,0,0,0,0,0,0,0,0,0,0,0,0,0,0,0,0,0,0,0,0,0,0,0,0,0,0,0,0,0,0,0.69,0.69,0.69,0.72,0.73,0.76,0.7775,0.795,0.8125,0.83,0.8475,0.865,0.8825,0.9,0.0175
"hepb3","CHL","Chile",0,0,0,0,0,0,0,0,0,0,0,0,0,0,0,0,0,0,0,0,0,0.95,0.92,0.95,0.94,0.92,0.94,0.9,0.9,0.95,0.97,0.95,0.93,0.95,0.96,0.93,0.95,0.96,0.965,0.97,0.975,0.98,0.985,0.99,0.995,1,0.005
"hepb3","CHN","China",0,0,0,0,0,0,0,0,0,0,0,0,0,0,0,0.6,0.65,0.7,0.75,0.79,0.84,0.91,0.92,0.95,0.99,0.99,0.99,0.99,0.99,0.99,0.99,0.99,0.99,0.99,0.99,0.99,0.99,0.99,0.99125,0.9925,0.99375,0.995,0.99625,0.9975,0.99875,1,0.00125
"hepb3","CIV","C<f4>te d'Ivoire",0,0,0,0,0,0,0,0,0,0,0,0,0,0,0,0,0.1,0.48,0.63,0.67,0.76,0.77,0.76,0.74,0.81,0.79,0.62,0.82,0.75,0.73,0.79,0.87,0.83,0.84,0.81,0.75,0.76,0.76,0.7775,0.795,0.8125,0.83,0.8475,0.865,0.8825,0.9,0.0175
"hepb3","CMR","Cameroon",0,0,0,0,0,0,0,0,0,0,0,0,0,0,0,0,0,0,0,0,0.79,0.81,0.82,0.84,0.8,0.84,0.82,0.85,0.89,0.83,0.78,0.75,0.74,0.67,0.67,0.69,0.69,0.68,0.7075,0.735,0.7625,0.79,0.8175,0.845,0.8725,0.9,0.0275
"hepb3","COD","Democratic Republic of the Congo",0,0,0,0,0,0,0,0,0,0,0,0,0,0,0,0,0,0,0,0,0,0,0.65,0.68,0.71,0.6,0.7,0.71,0.71,0.73,0.7,0.7,0.71,0.71,0.73,0.7,0.65,0.65,0.68125,0.7125,0.74375,0.775,0.80625,0.8375,0.86875,0.9,0.03125
"hepb3","COG","Congo",0,0,0,0,0,0,0,0,0,0,0,0,0,0,0,0,0,0,0,0,0,0,0.64,0.73,0.75,0.74,0.7,0.62,0.85,0.9,0.8,0.71,0.69,0.75,0.79,0.73,0.77,0.78,0.795,0.81,0.825,0.84,0.855,0.87,0.885,0.9,0.015
"hepb3","COL","Colombia",0,0,0,0,0,0,0,0,0,0,0.71,0.95,0.85,0.75,0.77,0.78,0.8,0.78,0.92,0.89,0.93,0.93,0.94,0.92,0.92,0.88,0.85,0.92,0.91,0.9,0.91,0.91,0.92,0.92,0.92,0.88,0.86,0.87,0.87375,0.8775,0.88125,0.885,0.88875,0.8925,0.89625,0.9,0.00375
"hepb3","COM","Comoros",0,0,0,0,0,0,0,0,0,0,0,0,0,0,0,0,0,0,0.28,0.77,0.68,0.69,0.75,0.81,0.83,0.74,0.83,0.89,0.88,0.88,0.91,0.91,0.91,0.91,0.91,0.91,0.91,0.88,0.8825,0.885,0.8875,0.89,0.8925,0.895,0.8975,0.9,0.0025
"hepb3","CPV","Cabo Verde",0,0,0,0,0,0,0,0,0,0,0,0,0,0,0,0,0,0.4,0.66,0.91,0.93,0.95,0.96,0.98,0.98,0.98,0.9,0.94,0.93,0.95,0.93,0.96,0.97,0.99,0.97,0.94,0.94,0.94,0.9475,0.955,0.9625,0.97,0.9775,0.985,0.9925,1,0.00750000000000001
"hepb3","CRI","Costa Rica",0,0,0,0,0,0,0,0,0,0,0,0,0.76,0.86,0.83,0.89,0.8,0.94,0.86,0.89,0.9,0.88,0.89,0.89,0.87,0.89,0.84,0.91,0.94,0.91,0.92,0.97,0.97,0.98,0.94,0.91,0.87,0.94,0.9475,0.955,0.9625,0.97,0.9775,0.985,0.9925,1,0.00750000000000001
"hepb3","CUB","Cuba",0,0,0,0,0,0,0,0,0.84,0.98,0.99,0.99,0.98,0.98,0.99,0.98,0.98,0.98,0.99,0.99,0.95,0.89,0.93,0.95,0.96,0.96,0.96,0.96,0.96,0.97,0.99,0.99,0.99,0.99,0.99,0.99,0.99,0.99,0.99125,0.9925,0.99375,0.995,0.99625,0.9975,0.99875,1,0.00125
"hepb3","CZE","Czechia",0,0,0,0,0,0,0,0,0,0,0,0,0,0,0,0,0,0.86,0.92,0.98,0.99,0.98,0.99,0.99,0.99,0.99,0.99,0.99,0.99,0.99,0.97,0.96,0.94,0.96,0.97,0.96,0.94,0.94,0.9475,0.955,0.9625,0.97,0.9775,0.985,0.9925,1,0.00750000000000001
"hepb3","DEU","Germany",0,0,0,0,0,0,0,0,0.15,0.32,0.45,0.57,0.71,0.81,0.81,0.84,0.86,0.87,0.9,0.88,0.9,0.87,0.86,0.87,0.88,0.88,0.87,0.87,0.87,0.87,0.87,0.88,0.88,0.88,0.88,0.88,0.87,0.87,0.87375,0.8775,0.88125,0.885,0.88875,0.8925,0.89625,0.9,0.00375
"hepb3","DJI","Djibouti",0,0,0,0,0,0,0,0,0,0,0,0,0,0,0,0,0,0,0,0,0,0,0.25,0.88,0.89,0.88,0.87,0.81,0.82,0.78,0.84,0.68,0.76,0.84,0.85,0.7,0.59,0.59,0.62875,0.6675,0.70625,0.745,0.78375,0.8225,0.86125,0.9,0.03875
"hepb3","DNK","Denmark",0,0,0,0,0,0,0,0,0,0,0,0,0,0,0,0,0,0,0,0,0,0,0,0,0,0,0,0,0,0,0,0,0,0,0,0,0,0,0.1125,0.225,0.3375,0.45,0.5625,0.675,0.7875,0.9,0.1125
"hepb3","DOM","Dominican Republic",0,0,0,0,0,0,0,0,0,0,0,0,0,0.62,0.76,0.68,0.66,0.63,0.79,0.82,0.87,0.84,0.81,0.81,0.8,0.83,0.8,0.74,0.8,0.89,0.81,0.8,0.81,0.84,0.87,0.81,0.83,0.87,0.87375,0.8775,0.88125,0.885,0.88875,0.8925,0.89625,0.9,0.00375
"hepb3","DZA","Algeria",0,0,0,0,0,0,0,0,0,0,0,0,0,0,0,0,0,0,0,0.81,0.83,0.8,0.9,0.91,0.94,0.95,0.95,0.95,0.95,0.95,0.95,0.91,0.91,0.91,0.88,0.84,0.81,0.77,0.78625,0.8025,0.81875,0.835,0.85125,0.8675,0.88375,0.9,0.01625
"hepb3","ECU","Ecuador",0,0,0,0,0,0,0,0,0,0,0,0,0,0,0,0.36,0.69,0.75,0.82,0.88,0.92,0.96,0.94,0.93,0.91,0.9,0.88,0.88,0.87,0.83,0.78,0.83,0.85,0.85,0.85,0.7,0.68,0.7,0.725,0.75,0.775,0.8,0.825,0.85,0.875,0.9,0.025
"hepb3","EGY","Egypt",0,0,0,0,0,0,0,0,0,0.57,0.74,0.77,0.81,0.88,0.97,0.98,0.99,0.97,0.98,0.97,0.98,0.98,0.98,0.97,0.97,0.97,0.96,0.93,0.97,0.94,0.93,0.95,0.94,0.95,0.95,0.94,0.96,0.97,0.97375,0.9775,0.98125,0.985,0.98875,0.9925,0.99625,1,0.00375
"hepb3","ERI","Eritrea",0,0,0,0,0,0,0,0,0,0,0,0,0,0,0,0,0,0.86,0.91,0.84,0.96,0.94,0.95,0.95,0.95,0.95,0.94,0.94,0.94,0.94,0.95,0.95,0.95,0.95,0.95,0.95,0.95,0.95,0.95625,0.9625,0.96875,0.975,0.98125,0.9875,0.99375,1,0.00625000000000001
"hepb3","ESP","Spain",0,0,0,0,0,0,0,0,0,0,0,0.82,0.84,0.81,0.8,0.77,0.83,0.82,0.81,0.97,0.96,0.97,0.96,0.97,0.96,0.97,0.97,0.96,0.95,0.96,0.97,0.97,0.94,0.96,0.95,0.94,0.92,0.93,0.93875,0.9475,0.95625,0.965,0.97375,0.9825,0.99125,1,0.00874999999999999
"hepb3","EST","Estonia",0,0,0,0,0,0,0,0,0,0,0,0,0,0,0,0,0,0,0,0.9,0.95,0.95,0.95,0.94,0.95,0.94,0.94,0.94,0.93,0.93,0.91,0.93,0.92,0.93,0.91,0.9,0.84,0.85,0.85625,0.8625,0.86875,0.875,0.88125,0.8875,0.89375,0.9,0.00625000000000001
"hepb3","ETH","Ethiopia",0,0,0,0,0,0,0,0,0,0,0,0,0,0,0,0,0,0,0,0,0,0,0.47,0.52,0.56,0.62,0.65,0.62,0.59,0.61,0.63,0.66,0.68,0.67,0.68,0.71,0.65,0.65,0.68125,0.7125,0.74375,0.775,0.80625,0.8375,0.86875,0.9,0.03125
"hepb3","FIN","Finland",0,0,0,0,0,0,0,0,0,0,0,0,0,0,0,0,0,0,0,0,0,0,0,0,0,0,0,0,0,0,0,0,0,0,0,0,0,0,0.1125,0.225,0.3375,0.45,0.5625,0.675,0.7875,0.9,0.1125
"hepb3","FJI","Fiji",0,0,0,0,0,0,0,0,0.88,0.6,0.82,0.9,0.98,0.98,0.98,0.98,0.98,0.99,0.99,0.99,0.99,0.99,0.99,0.98,0.99,0.98,0.99,0.99,0.99,0.99,0.99,0.95,0.91,0.94,0.97,0.99,0.99,0.99,0.99125,0.9925,0.99375,0.995,0.99625,0.9975,0.99875,1,0.00125
"hepb3","FRA","France",0,0,0,0,0,0,0,0,0,0,0,0,0,0.27,0.24,0.26,0.28,0.29,0.28,0.35,0.35,0.39,0.42,0.47,0.51,0.64,0.74,0.78,0.82,0.83,0.88,0.9,0.9,0.91,0.93,0.95,0.95,0.95,0.95625,0.9625,0.96875,0.975,0.98125,0.9875,0.99375,1,0.00625000000000001
"hepb3","FSM","Micronesia (Federated States of)",0,0,0,0,0.47,0.56,0.65,0.73,0.82,0.82,0.82,0.8,0.78,0.79,0.77,0.87,0.81,0.85,0.89,0.8,0.91,0.84,0.9,0.89,0.89,0.88,0.83,0.82,0.83,0.81,0.78,0.76,0.8,0.83,0.84,0.88,0.79,0.75,0.76875,0.7875,0.80625,0.825,0.84375,0.8625,0.88125,0.9,0.01875
"hepb3","GBR","United Kingdom of Great Britain and Northern Ireland",0,0,0,0,0,0,0,0,0,0,0,0,0,0,0,0,0,0,0,0,0,0,0,0,0,0,0,0,0,0,0,0,0,0,0.93,0.93,0.93,0.92,0.93,0.94,0.95,0.96,0.97,0.98,0.99,1,0.01
"hepb3","GEO","Georgia",0,0,0,0,0,0,0,0,0,0,0,0,0,0,0,0.55,0.61,0.51,0.48,0.64,0.79,0.84,0.94,0.89,0.54,0.95,0.89,0.92,0.96,0.91,0.94,0.92,0.91,0.93,0.94,0.88,0.85,0.85,0.85625,0.8625,0.86875,0.875,0.88125,0.8875,0.89375,0.9,0.00625000000000001
"hepb3","GHA","Ghana",0,0,0,0,0,0,0,0,0,0,0,0,0,0,0,0,0,0.8,0.8,0.8,0.84,0.84,0.94,0.93,0.94,0.94,0.91,0.92,0.9,0.98,0.88,0.93,0.99,0.97,0.97,0.94,0.98,0.99,0.99125,0.9925,0.99375,0.995,0.99625,0.9975,0.99875,1,0.00125
"hepb3","GIN","Guinea",0,0,0,0,0,0,0,0,0,0,0,0,0,0,0,0,0,0,0,0,0,0,0.57,0.57,0.57,0.64,0.63,0.57,0.5,0.44,0.47,0.47,0.47,0.47,0.47,0.47,0.47,0.47,0.52375,0.5775,0.63125,0.685,0.73875,0.7925,0.84625,0.9,0.05375
"hepb3","GMB","Gambia",0,0,0,0,0,0,0.78,0,0.56,0.57,0.87,0.88,0.94,0.92,0.93,0.91,0.91,0.92,0.94,0.95,0.95,0.95,0.97,0.98,0.97,0.97,0.96,0.98,0.97,0.96,0.97,0.95,0.92,0.93,0.88,0.85,0.82,0.79,0.80375,0.8175,0.83125,0.845,0.85875,0.8725,0.88625,0.9,0.01375
"hepb3","GNB","Guinea-Bissau",0,0,0,0,0,0,0,0,0,0,0,0,0,0,0,0,0,0,0,0,0,0,0,0,0.8,0.82,0.89,0.87,0.87,0.86,0.86,0.85,0.79,0.82,0.78,0.74,0.67,0.74,0.76,0.78,0.8,0.82,0.84,0.86,0.88,0.9,0.02
"hepb3","GRC","Greece",0,0,0,0,0,0,0.1,0.15,0.02,0.02,0.12,0.12,0.5,0.69,0.88,0.89,0.9,0.91,0.92,0.92,0.93,0.94,0.95,0.95,0.95,0.95,0.95,0.98,0.98,0.96,0.96,0.96,0.96,0.96,0.96,0.96,0.96,0.96,0.965,0.97,0.975,0.98,0.985,0.99,0.995,1,0.005
"hepb3","GTM","Guatemala",0,0,0,0,0,0,0,0,0,0,0,0,0,0,0,0,0,0,0,0,0.87,0.89,0.85,0.95,0.92,0.94,0.88,0.96,0.96,0.74,0.7,0.83,0.91,0.85,0.85,0.83,0.79,0.79,0.80375,0.8175,0.83125,0.845,0.85875,0.8725,0.88625,0.9,0.01375
"hepb3","GUY","Guyana",0,0,0,0,0,0,0,0,0,0,0,0,0,0,0,0,0.85,0.91,0.9,0.91,0.93,0.93,0.94,0.93,0.98,0.95,0.93,0.97,0.98,0.98,0.95,0.97,0.97,0.95,0.99,0.99,0.98,0.98,0.9825,0.985,0.9875,0.99,0.9925,0.995,0.9975,1,0.0025
"hepb3","HND","Honduras",0,0,0,0,0,0,0,0,0,0,0,0,0,0,0,0.93,0.95,0.94,0.91,0.93,0.97,0.94,0.93,0.92,0.97,0.97,0.97,0.98,0.99,0.99,0.98,0.95,0.9,0.91,0.88,0.8,0.77,0.78,0.795,0.81,0.825,0.84,0.855,0.87,0.885,0.9,0.015
"hepb3","HRV","Croatia",0,0,0,0,0,0,0,0,0,0,0,0,0,0,0,0,0,0,0,0,0,0,0.94,0.97,0.97,0.97,0.96,0.96,0.96,0.95,0.94,0.92,0.92,0.93,0.93,0.91,0.9,0.9,0.9125,0.925,0.9375,0.95,0.9625,0.975,0.9875,1,0.0125
"hepb3","HTI","Haiti",0,0,0,0,0,0,0,0,0,0,0,0,0,0,0,0,0,0,0,0,0,0,0,0,0,0,0,0,0.68,0.63,0.64,0.64,0.64,0.64,0.51,0.51,0.51,0.51,0.55875,0.6075,0.65625,0.705,0.75375,0.8025,0.85125,0.9,0.04875
"hepb3","HUN","Hungary",0,0,0,0,0,0,0,0,0,0,0,0,0,0,0,0,0,0,0,0,0,0,0,0,0,0,0,0,0,0,0,0,0,0,0,0,0,0,0.1125,0.225,0.3375,0.45,0.5625,0.675,0.7875,0.9,0.1125
"hepb3","IDN","Indonesia",0,0,0,0,0,0,0,0.28,0.43,0.42,0.5,0.62,0.65,0.76,0.77,0.65,0.62,0.63,0.64,0.64,0.65,0.66,0.76,0.82,0.82,0.83,0.81,0.86,0.92,0.88,0.84,0.84,0.85,0.85,0.85,0.77,0.67,0.86,0.865,0.87,0.875,0.88,0.885,0.89,0.895,0.9,0.005
"hepb3","IND","India",0,0,0,0,0,0,0,0,0,0,0,0,0,0,0,0,0,0,0,0.06,0.08,0.06,0.06,0.29,0.37,0.38,0.44,0.73,0.7,0.79,0.87,0.88,0.89,0.9,0.91,0.85,0.85,0.93,0.93875,0.9475,0.95625,0.965,0.97375,0.9825,0.99125,1,0.00874999999999999
"hepb3","IRL","Ireland",0,0,0,0,0,0,0,0,0,0,0,0,0,0,0,0,0,0,0,0,0,0,0,0,0,0.46,0.95,0.95,0.95,0.95,0.95,0.95,0.95,0.94,0.93,0.94,0.93,0.93,0.93875,0.9475,0.95625,0.965,0.97375,0.9825,0.99125,1,0.00874999999999999
"hepb3","IRN","Iran (Islamic Republic of)",0,0,0,0,0,0,0,0,0,0.62,0.59,0.84,0.93,0.94,0.95,0.99,0.94,0.99,0.98,0.95,0.94,0.98,0.97,0.99,0.99,0.99,0.99,0.98,0.99,0.99,0.98,0.99,0.99,0.99,0.99,0.99,0.98,0.99,0.99125,0.9925,0.99375,0.995,0.99625,0.9975,0.99875,1,0.00125
"hepb3","IRQ","Iraq",0,0,0,0,0,0,0,0,0,0.4,0.57,0.22,0.65,0.03,0.52,0.67,0.66,0.65,0.63,0.62,0.65,0.59,0.56,0.66,0.75,0.72,0.78,0.65,0.68,0.69,0.68,0.71,0.81,0.86,0.84,0.74,0.78,0.93,0.93875,0.9475,0.95625,0.965,0.97375,0.9825,0.99125,1,0.00874999999999999
"hepb3","ISR","Israel",0,0,0,0,0,0,0,0.92,0.92,0.92,0.93,0.96,0.97,0.97,0.96,0.98,0.96,0.98,0.98,0.99,0.96,0.96,0.99,0.99,0.98,0.97,0.98,0.97,0.97,0.97,0.96,0.95,0.97,0.96,0.96,0.96,0.96,0.96,0.965,0.97,0.975,0.98,0.985,0.99,0.995,1,0.005
"hepb3","ITA","Italy",0,0,0,0,0,0,0.95,0.95,0.95,0.95,0.95,0.95,0.95,0.95,0.97,0.94,0.95,0.95,0.95,0.96,0.96,0.96,0.97,0.96,0.96,0.96,0.96,0.96,0.96,0.95,0.93,0.93,0.94,0.95,0.95,0.94,0.94,0.95,0.95625,0.9625,0.96875,0.975,0.98125,0.9875,0.99375,1,0.00625000000000001
"hepb3","JAM","Jamaica",0,0,0,0,0,0,0,0,0,0,0,0,0,0,0,0,0,0,0.36,0.98,0.99,0.97,0.92,0.92,0.9,0.94,0.92,0.96,0.93,0.92,0.91,0.98,0.93,0.97,0.96,0.95,0.89,0.98,0.9825,0.985,0.9875,0.99,0.9925,0.995,0.9975,1,0.0025
"hepb3","JOR","Jordan",0,0,0,0,0,0,0,0,0,0,0.54,0.85,0.9,0.91,0.92,0.93,0.97,0.95,0.97,0.95,0.95,0.98,0.98,0.97,0.98,0.98,0.98,0.98,0.98,0.98,0.99,0.98,0.99,0.96,0.89,0.77,0.77,0.77,0.78625,0.8025,0.81875,0.835,0.85125,0.8675,0.88375,0.9,0.01625
"hepb3","JPN","Japan",0,0,0,0,0,0,0,0,0,0,0,0,0,0,0,0,0,0,0,0,0,0,0,0,0,0,0,0,0,0,0,0,0,0,0.99,0.92,0.96,0.96,0.965,0.97,0.975,0.98,0.985,0.99,0.995,1,0.005
"hepb3","KAZ","Kazakhstan",0,0,0,0,0,0,0,0,0,0,0,0,0,0.49,0.9,0.99,0.95,0.95,0.99,0.99,0.94,0.99,0.94,0.99,0.99,0.99,0.99,0.95,0.99,0.95,0.98,0.82,0.99,0.98,0.97,0.88,0.95,0.99,0.99125,0.9925,0.99375,0.995,0.99625,0.9975,0.99875,1,0.00125
"hepb3","KEN","Kenya",0,0,0,0,0,0,0,0,0,0,0,0,0,0,0,0,0,0.84,0.73,0.73,0.76,0.8,0.81,0.88,0.88,0.9,0.96,0.94,0.93,0.92,0.89,0.89,0.82,0.92,0.91,0.89,0.91,0.9,0.9125,0.925,0.9375,0.95,0.9625,0.975,0.9875,1,0.0125
"hepb3","KGZ","Kyrgyzstan",0,0,0,0,0,0,0,0,0,0,0,0,0,0,0.1,0.44,0.57,0.99,0.99,0.99,0.97,0.9,0.94,0.97,0.96,0.96,0.96,0.96,0.97,0.96,0.97,0.96,0.92,0.94,0.95,0.86,0.89,0.9,0.9125,0.925,0.9375,0.95,0.9625,0.975,0.9875,1,0.0125
"hepb3","KHM","Cambodia",0,0,0,0,0,0,0,0,0,0,0,0,0,0,0,0,0,0,0,0,0,0.8,0.82,0.91,0.92,0.91,0.91,0.91,0.86,0.9,0.91,0.91,0.9,0.89,0.88,0.87,0.87,0.85,0.85625,0.8625,0.86875,0.875,0.88125,0.8875,0.89375,0.9,0.00625000000000001
"hepb3","KIR","Kiribati",0,0,0,0,0,0.73,0.07,0.06,0.08,0.36,0.36,0.66,0.97,0.89,0.82,0.9,0.85,0.79,0.73,0.67,0.5,0.88,0.96,0.83,0.86,0.91,0.95,0.94,0.95,0.75,0.82,0.81,0.9,0.95,0.97,0.92,0.9,0.91,0.92125,0.9325,0.94375,0.955,0.96625,0.9775,0.98875,1,0.01125
"hepb3","KOR","Republic of Korea",0,0,0,0,0,0,0,0,0,0,0.99,0.93,0.88,0.82,0.88,0.93,0.89,0.92,0.91,0.92,0.99,0.99,0.91,0.94,0.94,0.94,0.99,0.99,0.99,0.99,0.98,0.98,0.98,0.98,0.98,0.98,0.98,0.97,0.97375,0.9775,0.98125,0.985,0.98875,0.9925,0.99625,1,0.00375
"hepb3","KWT","Kuwait",0,0,0,0,0,0,0,0.38,0.91,0.93,0.99,0.99,0.98,0.99,0.95,0.95,0.99,0.99,0.99,0.94,0.99,0.99,0.99,0.99,0.99,0.99,0.99,0.98,0.99,0.96,0.99,0.99,0.99,0.91,0.92,0.93,0.94,0.96,0.965,0.97,0.975,0.98,0.985,0.99,0.995,1,0.005
"hepb3","LAO","Lao People's Democratic Republic",0,0,0,0,0,0,0,0,0,0,0,0,0,0,0,0,0,0,0.5,0.45,0.49,0.57,0.5,0.61,0.67,0.74,0.76,0.77,0.83,0.83,0.83,0.83,0.84,0.85,0.8,0.79,0.75,0.8,0.8125,0.825,0.8375,0.85,0.8625,0.875,0.8875,0.9,0.0125
"hepb3","LBN","Lebanon",0,0,0,0,0,0,0,0,0,0,0,0,0,0,0.86,0.83,0.8,0.77,0.74,0.75,0.77,0.78,0.8,0.81,0.81,0.81,0.8,0.8,0.8,0.8,0.8,0.8,0.8,0.8,0.8,0.71,0.67,0.67,0.69875,0.7275,0.75625,0.785,0.81375,0.8425,0.87125,0.9,0.02875
"hepb3","LBR","Liberia",0,0,0,0,0,0,0,0,0,0,0,0,0,0,0,0,0,0,0,0,0,0,0,0.75,0.81,0.7,0.77,0.8,0.8,0.63,0.65,0.73,0.8,0.8,0.7,0.65,0.66,0.78,0.795,0.81,0.825,0.84,0.855,0.87,0.885,0.9,0.015
"hepb3","LBY","Libya",0,0,0,0,0,0,0,0.88,0.91,0.92,0.92,0.93,0.91,0.92,0.92,0.92,0.93,0.91,0.96,0.99,0.97,0.98,0.98,0.98,0.98,0.98,0.98,0.98,0.96,0.94,0.97,0.97,0.96,0.73,0.73,0.73,0.73,0.73,0.75125,0.7725,0.79375,0.815,0.83625,0.8575,0.87875,0.9,0.02125
"hepb3","LKA","Sri Lanka",0,0,0,0,0,0,0,0,0,0,0,0,0,0,0,0,0,0,0.32,0.62,0.99,0.98,0.98,0.98,0.97,0.99,0.99,0.99,0.99,0.99,0.99,0.99,0.99,0.99,0.99,0.96,0.96,0.98,0.9825,0.985,0.9875,0.99,0.9925,0.995,0.9975,1,0.0025
"hepb3","LSO","Lesotho",0,0,0,0,0,0,0,0,0,0,0,0,0,0,0,0,0,0,0.17,0.6,0.87,0.91,0.9,0.88,0.91,0.93,0.96,0.95,0.93,0.88,0.83,0.87,0.87,0.87,0.87,0.87,0.87,0.87,0.87375,0.8775,0.88125,0.885,0.88875,0.8925,0.89625,0.9,0.00375
"hepb3","LTU","Lithuania",0,0,0,0,0,0,0,0,0,0,0,0,0,0.73,0.96,0.98,0.95,0.94,0.95,0.94,0.95,0.95,0.96,0.96,0.95,0.94,0.95,0.93,0.93,0.94,0.94,0.95,0.94,0.93,0.92,0.91,0.9,0.9,0.9125,0.925,0.9375,0.95,0.9625,0.975,0.9875,1,0.0125
"hepb3","MAR","Morocco",0,0,0,0,0,0,0,0,0,0,0,0,0,0,0.1,0.43,0.84,0.92,0.9,0.95,0.96,0.95,0.95,0.97,0.98,0.98,0.98,0.99,0.99,0.99,0.99,0.99,0.99,0.99,0.99,0.99,0.99,0.99,0.99125,0.9925,0.99375,0.995,0.99625,0.9975,0.99875,1,0.00125
"hepb3","MDA","Republic of Moldova",0,0,0,0,0,0,0,0,0,0,0.19,0.81,0.87,0.93,0.94,0.92,0.94,0.99,0.99,0.99,0.99,0.98,0.95,0.97,0.89,0.98,0.96,0.94,0.91,0.92,0.88,0.9,0.89,0.94,0.94,0.87,0.87,0.9,0.9125,0.925,0.9375,0.95,0.9625,0.975,0.9875,1,0.0125
"hepb3","MDG","Madagascar",0,0,0,0,0,0,0,0,0,0,0,0,0,0,0,0,0,0.51,0.61,0.71,0.81,0.82,0.84,0.77,0.77,0.7,0.73,0.68,0.7,0.68,0.62,0.68,0.65,0.74,0.7,0.68,0.57,0.57,0.61125,0.6525,0.69375,0.735,0.77625,0.8175,0.85875,0.9,0.04125
"hepb3","MEX","Mexico",0,0,0,0,0,0,0,0,0,0,0,0,0,0,0,0.97,0.97,0.97,0.98,0.98,0.98,0.98,0.98,0.97,0.95,0.93,0.98,0.99,0.82,0.84,0.76,0.82,0.58,0.55,0.56,0.77,0.8,0.83,0.83875,0.8475,0.85625,0.865,0.87375,0.8825,0.89125,0.9,0.00875000000000001
"hepb3","MKD","North Macedonia",0,0,0,0,0,0,0,0,0,0,0,0,0,0,0,0,0,0,0,0,0.53,0.89,0.96,0.97,0.95,0.9,0.96,0.98,0.97,0.97,0.92,0.94,0.91,0.92,0.92,0.84,0.79,0.84,0.8475,0.855,0.8625,0.87,0.8775,0.885,0.8925,0.9,0.00750000000000001
"hepb3","MLI","Mali",0,0,0,0,0,0,0,0,0,0,0,0,0,0,0,0,0,0,0.79,0.73,0.83,0.9,0.74,0.74,0.71,0.72,0.66,0.65,0.64,0.66,0.71,0.76,0.77,0.77,0.77,0.7,0.77,0.77,0.78625,0.8025,0.81875,0.835,0.85125,0.8675,0.88375,0.9,0.01625
"hepb3","MLT","Malta",0,0,0,0,0,0,0,0,0,0,0,0,0,0,0,0,0,0,0.89,0.85,0.85,0.86,0.82,0.86,0.86,0.75,0.82,0.93,0.94,0.9,0.95,0.97,0.88,0.98,0.98,0.98,0.99,0.98,0.9825,0.985,0.9875,0.99,0.9925,0.995,0.9975,1,0.0025
"hepb3","MMR","Myanmar",0,0,0,0,0,0,0,0,0,0,0,0,0,0,0,0,0,0,0.08,0.39,0.62,0.75,0.85,0.85,0.91,0.92,0.4,0.58,0.75,0.88,0.89,0.9,0.89,0.91,0.9,0.84,0.37,0.71,0.73375,0.7575,0.78125,0.805,0.82875,0.8525,0.87625,0.9,0.02375
"hepb3","MNG","Mongolia",0,0,0,0,0,0,0.18,0.47,0.69,0.67,0.88,0.93,0.88,0.91,0.92,0.93,0.95,0.98,0.98,0.98,0.98,0.98,0.98,0.96,0.97,0.96,0.99,0.99,0.98,0.99,0.99,0.99,0.99,0.99,0.98,0.96,0.95,0.95,0.95625,0.9625,0.96875,0.975,0.98125,0.9875,0.99375,1,0.00625000000000001
"hepb3","MOZ","Mozambique",0,0,0,0,0,0,0,0,0,0,0,0,0,0,0,0,0.25,0.76,0.76,0.76,0.75,0.75,0.75,0.75,0.74,0.74,0.78,0.81,0.85,0.88,0.88,0.88,0.88,0.88,0.88,0.79,0.61,0.61,0.64625,0.6825,0.71875,0.755,0.79125,0.8275,0.86375,0.9,0.03625
"hepb3","MRT","Mauritania",0,0,0,0,0,0,0,0,0,0,0,0,0,0,0,0,0,0,0,0,0.42,0.68,0.74,0.74,0.64,0.64,0.75,0.8,0.8,0.81,0.73,0.74,0.76,0.77,0.8,0.72,0.68,0.76,0.7775,0.795,0.8125,0.83,0.8475,0.865,0.8825,0.9,0.0175
"hepb3","MWI","Malawi",0,0,0,0,0,0,0,0,0,0,0,0,0,0,0,0,0,0.64,0.84,0.89,0.93,0.99,0.87,0.91,0.93,0.93,0.97,0.96,0.89,0.91,0.88,0.84,0.88,0.92,0.95,0.94,0.93,0.86,0.865,0.87,0.875,0.88,0.885,0.89,0.895,0.9,0.005
"hepb3","MYS","Malaysia",0,0,0,0,0.69,0.86,0.89,0.86,0.86,0.94,0.96,0.96,0.97,0.96,0.96,0.97,0.95,0.95,0.95,0.94,0.96,0.95,0.96,0.97,0.96,0.96,0.96,0.97,0.96,0.96,0.99,0.98,0.98,0.99,0.97,0.99,0.94,0.96,0.965,0.97,0.975,0.98,0.985,0.99,0.995,1,0.005
"hepb3","NER","Niger",0,0,0,0,0,0,0,0,0,0,0,0,0,0,0,0,0,0,0,0,0,0,0,0,0.71,0.7,0.75,0.71,0.73,0.81,0.84,0.8,0.85,0.79,0.81,0.81,0.82,0.84,0.8475,0.855,0.8625,0.87,0.8775,0.885,0.8925,0.9,0.00750000000000001
"hepb3","NGA","Nigeria",0,0,0,0,0,0,0,0,0,0,0,0,0,0,0,0,0,0,0,0,0.18,0.27,0.42,0.41,0.63,0.49,0.45,0.42,0.43,0.43,0.42,0.53,0.55,0.61,0.66,0.62,0.62,0.62,0.655,0.69,0.725,0.76,0.795,0.83,0.865,0.9,0.035
"hepb3","NIC","Nicaragua",0,0,0,0,0,0,0,0,0,0,0,0,0,0,0.8,0.83,0.87,0.85,0.86,0.79,0.86,0.88,0.93,0.97,0.98,0.98,0.98,0.98,0.98,0.98,0.98,0.98,0.98,0.98,0.98,0.92,0.87,0.92,0.93,0.94,0.95,0.96,0.97,0.98,0.99,1,0.01
"hepb3","NLD","Netherlands (Kingdom of the)",0,0,0,0,0,0,0,0,0,0,0,0,0,0,0,0,0,0,0,0,0,0,0,0,0,0,0.2,0.2,0.51,0.94,0.94,0.93,0.92,0.92,0.92,0.93,0.93,0.88,0.8825,0.885,0.8875,0.89,0.8925,0.895,0.8975,0.9,0.0025
"hepb3","NOR","Norway",0,0,0,0,0,0,0,0,0,0,0,0,0,0,0,0,0,0,0,0,0,0,0,0,0,0,0,0,0,0,0,0,0,0,0.96,0.97,0.96,0.96,0.965,0.97,0.975,0.98,0.985,0.99,0.995,1,0.005
"hepb3","NPL","Nepal",0,0,0,0,0,0,0,0,0,0,0,0,0,0,0,0,0,0,0.02,0.27,0.41,0.69,0.82,0.82,0.89,0.82,0.92,0.9,0.92,0.92,0.91,0.87,0.9,0.91,0.93,0.84,0.91,0.9,0.9125,0.925,0.9375,0.95,0.9625,0.975,0.9875,1,0.0125
"hepb3","NZL","New Zealand",0,0,0,0,0,0,0,0.67,0.74,0.81,0.88,0.94,0.99,0.87,0.89,0.9,0.9,0.89,0.89,0.88,0.87,0.87,0.88,0.9,0.93,0.9,0.95,0.93,0.93,0.93,0.92,0.92,0.94,0.93,0.92,0.92,0.9,0.89,0.89125,0.8925,0.89375,0.895,0.89625,0.8975,0.89875,0.9,0.00125
"hepb3","OMN","Oman",0,0,0,0,0,0,0.94,0.99,0.96,0.99,0.99,0.99,0.99,0.99,0.99,0.99,0.99,0.99,0.99,0.99,0.99,0.99,0.99,0.99,0.98,0.99,0.99,0.98,0.98,0.99,0.99,0.99,0.99,0.99,0.99,0.99,0.99,0.99,0.99125,0.9925,0.99375,0.995,0.99625,0.9975,0.99875,1,0.00125
"hepb3","PAK","Pakistan",0,0,0,0,0,0,0,0,0,0,0,0,0,0,0,0,0,0,0.62,0.62,0.65,0.6,0.54,0.53,0.52,0.52,0.63,0.64,0.65,0.69,0.72,0.75,0.75,0.8,0.84,0.8,0.83,0.85,0.85625,0.8625,0.86875,0.875,0.88125,0.8875,0.89375,0.9,0.00625000000000001
"hepb3","PAN","Panama",0,0,0,0,0,0,0,0,0,0,0,0,0,0,0,0,0.98,0.98,0.98,0.95,0.92,0.88,0.85,0.86,0.85,0.94,0.87,0.85,0.8,0.8,0.73,0.86,0.81,0.88,0.88,0.74,0.87,0.87,0.87375,0.8775,0.88125,0.885,0.88875,0.8925,0.89625,0.9,0.00375
"hepb3","PER","Peru",0,0,0,0,0,0,0,0,0,0,0,0,0,0,0,0,0,0,0.65,0.92,0.94,0.94,0.93,0.93,0.93,0.93,0.91,0.95,0.88,0.88,0.9,0.89,0.89,0.88,0.88,0.72,0.82,0.82,0.83,0.84,0.85,0.86,0.87,0.88,0.89,0.9,0.01
"hepb3","PHL","Philippines",0,0,0,0,0,0,0,0,0,0,0.38,0.35,0.31,0.3,0.32,0.07,0.45,0.42,0.52,0.48,0.49,0.77,0.87,0.87,0.88,0.88,0.89,0.89,0.84,0.79,0.74,0.84,0.8,0.75,0.71,0.71,0.57,0.72,0.7425,0.765,0.7875,0.81,0.8325,0.855,0.8775,0.9,0.0225
"hepb3","PNG","Papua New Guinea",0,0,0,0,0,0.2,0.19,0.12,0.07,0.2,0.23,0.43,0.44,0.47,0.54,0.57,0.59,0.6,0.67,0.6,0.63,0.69,0.58,0.55,0.64,0.55,0.58,0.57,0.59,0.52,0.49,0.46,0.36,0.35,0.35,0.39,0.31,0.36,0.4275,0.495,0.5625,0.63,0.6975,0.765,0.8325,0.9,0.0675
"hepb3","POL","Poland",0,0,0,0,0,0,0.01,0.01,0.01,0.04,0.23,0.56,0.97,0.99,0.99,0.99,0.95,0.98,0.97,0.98,0.98,0.98,0.98,0.98,0.98,0.98,0.98,0.97,0.96,0.96,0.96,0.95,0.93,0.91,0.91,0.9,0.9,0.9,0.9125,0.925,0.9375,0.95,0.9625,0.975,0.9875,1,0.0125
"hepb3","PRK","Democratic People's Republic of Korea",0,0,0,0,0,0,0,0,0,0,0,0,0,0,0,0,0,0,0.27,0.98,0.92,0.96,0.92,0.92,0.93,0.93,0.94,0.96,0.93,0.93,0.96,0.96,0.97,0.97,0.97,0.97,0.41,0,0.1125,0.225,0.3375,0.45,0.5625,0.675,0.7875,0.9,0.1125
"hepb3","PRT","Portugal",0,0,0,0,0,0,0,0,0,0,0.06,0.34,0.49,0.64,0.61,0.58,0.7,0.82,0.94,0.94,0.94,0.97,0.97,0.97,0.96,0.97,0.97,0.98,0.98,0.98,0.98,0.98,0.98,0.98,0.98,0.99,0.99,0.99,0.99125,0.9925,0.99375,0.995,0.99625,0.9975,0.99875,1,0.00125
"hepb3","PRY","Paraguay",0,0,0,0,0,0,0,0,0,0,0,0,0,0,0,0,0,0,0.86,0.9,0.92,0.92,0.86,0.87,0.85,0.91,0.91,0.91,0.9,0.93,0.92,0.92,0.91,0.88,0.86,0.79,0.7,0.69,0.71625,0.7425,0.76875,0.795,0.82125,0.8475,0.87375,0.9,0.02625
"hepb3","QAT","Qatar",0,0,0,0,0,0,0.86,0.89,0.93,0.9,0.9,0.9,0.9,0.92,0.92,0.89,0.93,0.98,0.93,0.97,0.97,0.96,0.94,0.97,0.99,0.97,0.93,0.93,0.97,0.89,0.99,0.98,0.97,0.98,0.98,0.89,0.98,0.98,0.9825,0.985,0.9875,0.99,0.9925,0.995,0.9975,1,0.0025
"hepb3","ROU","Romania",0,0,0,0,0,0,0,0,0,0,0,0.99,0.99,0.99,0.99,0.98,0.98,0.99,0.98,0.99,0.98,0.99,0.99,0.97,0.95,0.98,0.96,0.96,0.96,0.94,0.9,0.9,0.92,0.93,0.9,0.87,0.86,0.85,0.85625,0.8625,0.86875,0.875,0.88125,0.8875,0.89375,0.9,0.00625000000000001
"hepb3","RUS","Russian Federation",0,0,0,0,0,0,0,0,0,0,0,0,0,0,0,0,0.43,0.81,0.94,0.96,0.97,0.98,0.98,0.98,0.98,0.97,0.97,0.97,0.97,0.97,0.97,0.97,0.97,0.97,0.97,0.97,0.97,0.97,0.97375,0.9775,0.98125,0.985,0.98875,0.9925,0.99625,1,0.00375
"hepb3","RWA","Rwanda",0,0,0,0,0,0,0,0,0,0,0,0,0,0,0,0,0,0.88,0.96,0.89,0.95,0.99,0.97,0.97,0.97,0.97,0.97,0.98,0.98,0.98,0.98,0.98,0.98,0.97,0.98,0.91,0.88,0.98,0.9825,0.985,0.9875,0.99,0.9925,0.995,0.9975,1,0.0025
"hepb3","SAU","Saudi Arabia",0,0,0,0,0,0.66,0.86,0.89,0.93,0.94,0.93,0.92,0.91,0.95,0.92,0.93,0.95,0.97,0.95,0.96,0.97,0.96,0.96,0.98,0.98,0.98,0.98,0.98,0.98,0.98,0.98,0.98,0.98,0.97,0.96,0.95,0.97,0.98,0.9825,0.985,0.9875,0.99,0.9925,0.995,0.9975,1,0.0025
"hepb3","SDN","Sudan",0,0,0,0,0,0,0,0,0,0,0,0,0,0,0,0,0,0,0,0,0.22,0.6,0.78,0.78,0.72,0.75,0.93,0.92,0.93,0.94,0.93,0.93,0.95,0.93,0.93,0.9,0.84,0.84,0.8475,0.855,0.8625,0.87,0.8775,0.885,0.8925,0.9,0.00750000000000001
"hepb3","SEN","Senegal",0,0,0,0,0,0,0,0,0,0,0,0,0,0,0,0,0,0,0,0.54,0.84,0.89,0.94,0.88,0.86,0.89,0.92,0.91,0.92,0.89,0.89,0.93,0.93,0.92,0.95,0.91,0.85,0.88,0.8825,0.885,0.8875,0.89,0.8925,0.895,0.8975,0.9,0.0025
"hepb3","SGP","Singapore",0,0,0,0,0,0.74,0.76,0.78,0.9,0.94,0.96,0.96,0.97,0.96,0.96,0.97,0.95,0.95,0.95,0.94,0.96,0.95,0.96,0.97,0.96,0.96,0.96,0.97,0.97,0.96,0.96,0.96,0.96,0.97,0.96,0.97,0.97,0.96,0.965,0.97,0.975,0.98,0.985,0.99,0.995,1,0.005
"hepb3","SLB","Solomon Islands",0,0,0,0,0,0,0,0,0.53,0.65,0.68,0.97,0.73,0.75,0.79,0.81,0.83,0.75,0.79,0.81,0.83,0.99,0.9,0.89,0.91,0.87,0.92,0.92,0.83,0.77,0.87,0.94,0.83,0.85,0.94,0.94,0.87,0.89,0.89125,0.8925,0.89375,0.895,0.89625,0.8975,0.89875,0.9,0.00125
"hepb3","SLE","Sierra Leone",0,0,0,0,0,0,0,0,0,0,0,0,0,0,0,0,0,0,0,0,0,0,0.63,0.77,0.84,0.86,0.89,0.91,0.92,0.83,0.86,0.84,0.9,0.93,0.95,0.91,0.92,0.91,0.92125,0.9325,0.94375,0.955,0.96625,0.9775,0.98875,1,0.01125
"hepb3","SLV","El Salvador",0,0,0,0,0,0,0,0,0,0,0,0,0,0,0.01,0.99,0.75,0.81,0.94,0.9,0.89,0.96,0.99,0.98,0.91,0.89,0.89,0.92,0.92,0.94,0.94,0.98,0.92,0.89,0.9,0.76,0.78,0.75,0.76875,0.7875,0.80625,0.825,0.84375,0.8625,0.88125,0.9,0.01875
"hepb3","SOM","Somalia",0,0,0,0,0,0,0,0,0,0,0,0,0,0,0,0,0,0,0,0,0,0,0,0,0,0,0,0,0.42,0.42,0.42,0.42,0.42,0.42,0.42,0.42,0.42,0.42,0.48,0.54,0.6,0.66,0.72,0.78,0.84,0.9,0.06
"hepb3","SRB","Serbia",0,0,0,0,0,0,0,0,0,0,0,0,0,0,0,0,0,0,0,0.89,0.65,0.93,0.99,0.93,0.93,0.89,0.94,0.97,0.91,0.92,0.94,0.91,0.93,0.91,0.94,0.87,0.89,0.92,0.93,0.94,0.95,0.96,0.97,0.98,0.99,1,0.01
"hepb3","SSD","South Sudan",0,0,0,0,0,0,0,0,0,0,0,0,0,0,0,0,0,0,0,0,0,0,0,0,0,0,0,0,0,0,0.46,0.45,0.52,0.59,0.61,0.67,0.69,0.73,0.75125,0.7725,0.79375,0.815,0.83625,0.8575,0.87875,0.9,0.02125
"hepb3","STP","Sao Tome and Principe",0,0,0,0,0,0,0,0,0,0,0,0,0,0,0,0,0,0,0.43,0.7,0.96,0.75,0.87,0.99,0.98,0.98,0.96,0.96,0.97,0.95,0.96,0.96,0.95,0.95,0.95,0.96,0.97,0.97,0.97375,0.9775,0.98125,0.985,0.98875,0.9925,0.99625,1,0.00375
"hepb3","SUR","Suriname",0,0,0,0,0,0,0,0,0,0,0,0,0,0,0,0,0,0,0,0,0.83,0.84,0.84,0.84,0.87,0.84,0.8,0.76,0.76,0.71,0.73,0.77,0.67,0.81,0.77,0.51,0.72,0.77,0.78625,0.8025,0.81875,0.835,0.85125,0.8675,0.88375,0.9,0.01625
"hepb3","SVK","Slovakia",0,0,0,0,0,0,0,0,0,0,0,0,0,0,0,0.98,0.99,0.99,0.99,0.99,0.99,0.99,0.99,0.99,0.99,0.99,0.99,0.99,0.98,0.97,0.96,0.96,0.96,0.96,0.97,0.97,0.97,0.97,0.97375,0.9775,0.98125,0.985,0.98875,0.9925,0.99625,1,0.00375
"hepb3","SVN","Slovenia",0,0,0,0,0,0,0,0,0,0,0,0,0,0,0,0,0,0,0,0,0,0,0,0,0,0,0,0,0,0,0,0,0,0,0,0,0.86,0.89,0.89125,0.8925,0.89375,0.895,0.89625,0.8975,0.89875,0.9,0.00125
"hepb3","SWE","Sweden",0,0,0,0,0,0,0,0,0,0,0,0,0,0,0,0,0,0,0,0,0,0,0,0,0,0,0.29,0.3,0.35,0.42,0.53,0.67,0.76,0.92,0.97,0.97,0.98,0.94,0.9475,0.955,0.9625,0.97,0.9775,0.985,0.9925,1,0.00750000000000001
"hepb3","SWZ","Eswatini",0,0,0,0,0,0,0,0,0,0,0,0.76,0.76,0.78,0.81,0.83,0.86,0.88,0.9,0.93,0.95,0.93,0.92,0.9,0.88,0.89,0.91,0.95,0.98,0.98,0.9,0.9,0.9,0.9,0.9,0.83,0.77,0.97,0.97375,0.9775,0.98125,0.985,0.98875,0.9925,0.99625,1,0.00375
"hepb3","SYR","Syrian Arab Republic",0,0,0,0,0,0,0,0.05,0.23,0.64,0.74,0.75,0.76,0.77,0.78,0.79,0.8,0.8,0.81,0.82,0.83,0.83,0.83,0.83,0.84,0.84,0.66,0.43,0.71,0.47,0.41,0.42,0.48,0.47,0.54,0.49,0.48,0.46,0.515,0.57,0.625,0.68,0.735,0.79,0.845,0.9,0.055
"hepb3","TCD","Chad",0,0,0,0,0,0,0,0,0,0,0,0,0,0,0,0,0,0,0,0,0,0,0,0.17,0.24,0.39,0.33,0.4,0.39,0.36,0.42,0.41,0.41,0.46,0.5,0.52,0.58,0.6,0.6375,0.675,0.7125,0.75,0.7875,0.825,0.8625,0.9,0.0375
"hepb3","TGO","Togo",0,0,0,0,0,0,0,0,0,0,0,0,0,0,0,0,0,0,0,0,0,0,0,0.24,0.78,0.83,0.85,0.84,0.84,0.84,0.82,0.82,0.83,0.81,0.84,0.82,0.83,0.82,0.83,0.84,0.85,0.86,0.87,0.88,0.89,0.9,0.01
"hepb3","THA","Thailand",0,0,0,0,0,0,0,0.15,0.58,0.66,0.93,0.93,0.94,0.95,0.95,0.95,0.95,0.95,0.96,0.96,0.96,0.96,0.96,0.98,0.98,0.98,0.98,0.98,0.99,0.99,0.99,0.99,0.99,0.97,0.97,0.97,0.97,0.97,0.97375,0.9775,0.98125,0.985,0.98875,0.9925,0.99625,1,0.00375
"hepb3","TJK","Tajikistan",0,0,0,0,0,0,0,0,0,0,0,0,0,0,0,0,0,0.39,0.58,0.81,0.81,0.88,0.84,0.86,0.93,0.93,0.96,0.94,0.96,0.97,0.96,0.97,0.96,0.96,0.97,0.97,0.97,0.97,0.97375,0.9775,0.98125,0.985,0.98875,0.9925,0.99625,1,0.00375
"hepb3","TKM","Turkmenistan",0,0,0,0,0,0,0,0,0,0,0,0,0,0,0,0,0,0.96,0.97,0.96,0.99,0.98,0.98,0.96,0.97,0.96,0.97,0.98,0.98,0.97,0.99,0.98,0.99,0.99,0.99,0.99,0.97,0.98,0.9825,0.985,0.9875,0.99,0.9925,0.995,0.9975,1,0.0025
"hepb3","TLS","Timor-Leste",0,0,0,0,0,0,0,0,0,0,0,0,0,0,0,0,0,0,0,0,0,0,0,0.79,0.72,0.72,0.67,0.83,0.82,0.77,0.76,0.79,0.83,0.83,0.9,0.86,0.86,0.86,0.865,0.87,0.875,0.88,0.885,0.89,0.895,0.9,0.005
"hepb3","TON","Tonga",0,0,0,0,0,0.94,0.88,0.82,0.96,0.9,0.91,0.94,0.95,0.96,0.93,0.97,0.96,0.95,0.93,0.99,0.99,0.99,0.99,0.98,0.99,0.99,0.99,0.95,0.99,0.98,0.96,0.96,0.99,0.99,0.99,0.99,0.99,0.99,0.99125,0.9925,0.99375,0.995,0.99625,0.9975,0.99875,1,0.00125
"hepb3","TTO","Trinidad and Tobago",0,0,0,0,0,0,0,0,0,0,0,0,0,0,0,0,0,0.05,0.76,0.94,0.95,0.89,0.89,0.9,0.9,0.9,0.9,0.92,0.92,0.92,0.9,0.97,0.89,0.99,0.93,0.96,0.94,0.93,0.93875,0.9475,0.95625,0.965,0.97375,0.9825,0.99125,1,0.00874999999999999
"hepb3","TUN","Tunisia",0,0,0,0,0,0,0,0,0,0,0,0.83,0.88,0.91,0.94,0.94,0.94,0.93,0.92,0.96,0.97,0.99,0.98,0.99,0.99,0.98,0.98,0.97,0.98,0.98,0.98,0.98,0.98,0.97,0.98,0.97,0.97,0.97,0.97375,0.9775,0.98125,0.985,0.98875,0.9925,0.99625,1,0.00375
"hepb3","TUR","T<fc>rkiye",0,0,0,0,0,0,0,0,0,0,0,0,0,0,0,0.71,0.77,0.72,0.68,0.77,0.85,0.82,0.96,0.92,0.94,0.96,0.96,0.97,0.97,0.96,0.97,0.98,0.96,0.98,0.99,0.98,0.96,0.99,0.99125,0.9925,0.99375,0.995,0.99625,0.9975,0.99875,1,0.00125
"hepb3","TZA","United Republic of Tanzania",0,0,0,0,0,0,0,0,0,0,0,0,0,0,0,0,0,0.89,0.95,0.95,0.9,0.9,0.83,0.86,0.85,0.91,0.9,0.92,0.91,0.97,0.96,0.92,0.9,0.89,0.89,0.86,0.81,0.88,0.8825,0.885,0.8875,0.89,0.8925,0.895,0.8975,0.9,0.0025
"hepb3","UGA","Uganda",0,0,0,0,0,0,0,0,0,0,0,0,0,0,0,0,0,0.29,0.44,0.62,0.64,0.64,0.73,0.71,0.79,0.8,0.82,0.83,0.84,0.85,0.89,0.93,0.94,0.93,0.93,0.89,0.91,0.89,0.89125,0.8925,0.89375,0.895,0.89625,0.8975,0.89875,0.9,0.00125
"hepb3","UKR","Ukraine",0,0,0,0,0,0,0,0,0,0,0,0,0,0,0,0.04,0.07,0.48,0.77,0.98,0.97,0.96,0.92,0.84,0.66,0.48,0.21,0.46,0.46,0.22,0.22,0.26,0.52,0.67,0.76,0.81,0.77,0.62,0.655,0.69,0.725,0.76,0.795,0.83,0.865,0.9,0.035
"hepb3","USA","United States of America",0,0,0,0,0,0,0,0,0.16,0.42,0.68,0.82,0.84,0.87,0.88,0.9,0.89,0.88,0.92,0.92,0.93,0.93,0.93,0.94,0.92,0.92,0.91,0.9,0.91,0.92,0.92,0.93,0.91,0.91,0.91,0.91,0.92,0.93,0.93875,0.9475,0.95625,0.965,0.97375,0.9825,0.99125,1,0.00874999999999999
"hepb3","UZB","Uzbekistan",0,0,0,0,0,0,0,0,0,0,0,0,0,0,0,0,0,0.62,0.99,0.99,0.99,0.98,0.99,0.91,0.98,0.99,0.99,0.99,0.99,0.99,0.99,0.99,0.99,0.98,0.96,0.95,0.98,0.99,0.99125,0.9925,0.99375,0.995,0.99625,0.9975,0.99875,1,0.00125
"hepb3","VEN","Venezuela (Bolivarian Republic of)",0,0,0,0,0,0,0,0,0,0,0,0,0,0,0,0.05,0.53,0.6,0.72,0.82,0.88,0.71,0.62,0.53,0.84,0.78,0.78,0.81,0.82,0.78,0.87,0.84,0.66,0.6,0.64,0.54,0.56,0.56,0.6025,0.645,0.6875,0.73,0.7725,0.815,0.8575,0.9,0.0425
"hepb3","VNM","Viet Nam",0,0,0,0,0,0,0,0,0,0,0,0,0,0,0,0,0,0,0.78,0.94,0.94,0.93,0.67,0.87,0.94,0.88,0.95,0.97,0.59,0.95,0.97,0.96,0.94,0.75,0.89,0.94,0.83,0.91,0.92125,0.9325,0.94375,0.955,0.96625,0.9775,0.98875,1,0.01125
"hepb3","VUT","Vanuatu",0,0,0,0,0,0,0.46,0.82,0.82,0.69,0.66,0.69,0.75,0.73,0.71,0.7,0.68,0.66,0.64,0.63,0.61,0.59,0.62,0.66,0.69,0.73,0.76,0.79,0.83,0.86,0.8,0.81,0.85,0.85,0.9,0.78,0.62,0.68,0.7075,0.735,0.7625,0.79,0.8175,0.845,0.8725,0.9,0.0275
"hepb3","WSM","Samoa",0,0,0,0,0,0,0,0.18,0.01,0.94,0.96,0.98,0.99,0.98,0.97,0.93,0.93,0.92,0.9,0.62,0.51,0.46,0.58,0.26,0.58,0.72,0.75,0.82,0.85,0.81,0.8,0.74,0.67,0.44,0.68,0.89,0.85,0.76,0.7775,0.795,0.8125,0.83,0.8475,0.865,0.8825,0.9,0.0175
"hepb3","YEM","Yemen",0,0,0,0,0,0,0,0,0,0,0,0,0,0,0.09,0.14,0.19,0.31,0.38,0.43,0.8,0.78,0.79,0.78,0.76,0.76,0.69,0.67,0.73,0.73,0.69,0.71,0.68,0.65,0.73,0.72,0.72,0.74,0.76,0.78,0.8,0.82,0.84,0.86,0.88,0.9,0.02
"hepb3","ZAF","South Africa",0,0,0,0,0,0,0,0,0,0,0,0,0.74,0.74,0.73,0.73,0.72,0.72,0.71,0.76,0.79,0.83,0.83,0.76,0.74,0.71,0.76,0.7,0.73,0.85,0.85,0.85,0.84,0.82,0.85,0.84,0.86,0.85,0.85625,0.8625,0.86875,0.875,0.88125,0.8875,0.89375,0.9,0.00625000000000001
"hepb3","ZMB","Zambia",0,0,0,0,0,0,0,0,0,0,0,0,0,0,0,0,0,0,0,0,0.82,0.81,0.8,0.87,0.94,0.83,0.81,0.78,0.79,0.86,0.9,0.95,0.94,0.9,0.88,0.84,0.91,0.82,0.83,0.84,0.85,0.86,0.87,0.88,0.89,0.9,0.01
"hepb3","ZWE","Zimbabwe",0,0,0,0,0,0,0,0,0,0,0.01,0.09,0.16,0.24,0.31,0.79,0.76,0.73,0.7,0.68,0.65,0.68,0.72,0.75,0.73,0.9,0.94,0.97,0.95,0.91,0.87,0.9,0.89,0.89,0.9,0.86,0.88,0.9,0.9125,0.925,0.9375,0.95,0.9625,0.975,0.9875,1,0.0125
